date,AK,AL,AR,AZ,CA,CO,CT,DC,DE,FL,GA,HI,IA,ID,IL,IN,KS,KY,LA,MA,MD,ME,MI,MN,MO,MS,MT,NC,ND,NE,NH,NJ,NM,NV,NY,OH,OK,OR,PA,RI,SC,SD,TN,TX,UT,VA,VT,WA,WI,WV,WY
1992-01-01,10.39,6.35,7.46,8.33,10.93,7.1,10.77,5.74,7.83,7.98,6.88,10.14,7.28,4.78,9.35,6.35,7.22,5.36,7.17,10.21,7.15,11.71,8.0,6.65,6.55,6.59,6.5,7.73,5.72,5.35,11.09,10.16,8.86,6.21,11.43,7.36,6.35,4.87,9.27,10.79,7.02,6.53,5.65,6.65,6.97,7.12,10.99,4.5,6.63,5.89,5.66
1992-02-01,10.46,6.4,7.74,8.83,10.76,6.87,10.92,5.81,7.89,7.87,7.1,10.21,7.48,4.81,8.84,6.44,7.13,5.46,7.35,9.98,7.06,11.69,8.08,6.67,6.68,6.65,6.55,7.8,5.78,5.53,11.12,10.27,8.94,6.61,11.42,7.62,6.72,4.95,9.21,10.93,6.98,6.61,5.63,7.05,7.37,7.22,11.07,4.29,6.57,5.94,5.83
1992-03-01,10.46,6.74,8.01,9.02,10.91,6.81,10.48,5.76,8.12,7.94,7.4,10.0,7.78,4.83,9.92,6.82,7.59,5.6,7.57,10.03,7.29,11.48,7.97,6.82,7.04,6.85,6.68,7.98,5.95,5.72,11.1,10.35,9.24,6.56,11.49,7.86,7.13,5.0,9.35,10.93,7.31,6.79,5.64,7.39,6.96,7.46,9.76,4.41,6.68,6.11,5.97
1992-04-01,10.93,6.78,8.08,9.52,10.91,6.83,10.71,5.6,8.29,7.8,7.42,10.27,7.9,4.86,9.94,6.78,7.82,5.59,7.33,9.95,7.33,11.24,8.04,6.82,7.04,7.14,5.86,7.97,6.13,5.76,11.14,10.5,9.17,6.57,11.6,7.99,7.2,4.84,9.36,10.99,7.22,6.96,5.65,7.51,6.89,7.53,7.94,4.36,6.83,6.07,6.08
1992-05-01,11.11,7.04,8.48,9.67,11.07,7.38,11.81,5.7,8.75,7.79,7.89,10.08,8.27,4.98,10.43,7.35,8.47,5.92,7.54,10.41,8.22,11.11,7.99,7.14,7.93,7.41,5.42,8.25,6.61,6.2,11.27,10.76,9.36,6.06,12.21,8.67,7.18,4.89,9.63,10.95,7.42,7.42,5.79,8.16,7.01,8.09,8.4,4.34,7.06,6.37,6.29
1992-06-01,10.93,6.86,9.07,10.19,11.1,7.52,11.32,6.99,9.52,7.65,8.36,10.12,8.9,5.2,11.36,7.32,8.91,6.21,7.42,10.5,9.36,11.03,8.25,7.13,8.78,7.19,5.5,8.23,7.23,7.5,11.39,11.62,9.06,6.16,13.09,9.19,7.67,4.88,10.13,11.22,7.42,7.76,5.77,8.23,6.97,8.32,8.54,4.27,7.18,6.38,6.37
1992-07-01,11.28,6.78,8.6,10.12,11.47,7.63,11.22,7.85,9.44,7.59,8.55,10.5,8.84,5.15,11.51,6.99,8.44,5.92,7.48,11.14,9.22,11.07,8.26,7.58,8.51,6.83,5.47,8.47,7.39,7.19,11.6,11.6,9.07,5.74,13.31,8.79,7.56,4.95,10.44,11.7,7.25,7.74,5.7,8.19,6.95,7.61,8.44,4.39,7.13,6.25,6.37
1992-08-01,11.3,6.78,8.56,10.13,11.59,7.51,11.27,8.56,9.42,7.58,8.55,10.92,8.84,5.04,11.29,6.9,8.12,5.87,7.6,10.95,9.19,11.1,8.25,7.55,8.23,6.94,5.44,8.31,7.4,7.21,11.63,11.65,9.12,5.84,13.46,8.88,7.73,4.89,10.25,11.52,7.09,7.72,5.7,7.99,6.87,8.26,8.5,4.26,7.12,6.27,6.28
1992-09-01,11.34,6.72,8.72,10.25,11.21,7.34,11.42,7.95,9.48,7.6,8.03,12.15,8.75,5.19,11.48,7.07,8.21,5.92,7.55,11.07,8.85,11.15,8.35,7.32,7.73,6.97,5.46,8.46,7.2,7.33,11.6,11.63,9.18,6.2,13.46,9.14,7.82,5.06,10.12,11.28,7.16,7.72,5.73,8.15,6.91,7.97,7.93,4.4,7.1,6.35,6.37
1992-10-01,10.84,7.03,8.55,10.18,10.8,7.3,11.51,7.34,8.87,7.7,7.56,12.09,8.14,5.09,11.0,7.34,7.88,5.73,7.8,11.14,8.39,11.26,8.01,6.98,7.24,7.27,5.37,8.53,6.49,6.33,11.59,10.44,9.32,6.25,12.95,8.57,7.02,5.08,9.89,11.47,7.13,7.56,5.8,8.24,6.99,7.86,8.08,4.61,7.21,6.39,6.53
1992-11-01,10.9,6.77,8.24,9.45,10.81,7.24,11.23,5.65,8.62,7.94,7.36,12.06,7.79,4.94,9.91,6.96,7.6,5.64,7.68,10.8,7.27,11.55,8.02,6.97,7.01,7.21,5.51,8.02,6.11,5.91,11.42,10.59,8.96,6.5,12.71,8.1,6.7,4.97,9.43,10.91,7.35,6.8,5.78,7.47,6.98,7.53,10.4,4.7,6.98,6.26,6.13
1992-12-01,10.55,6.17,7.63,8.64,11.17,7.16,10.71,5.83,8.22,7.78,6.94,12.17,7.0,4.67,9.2,6.5,7.3,5.34,7.68,11.56,7.05,11.66,8.12,6.77,6.55,7.33,5.72,7.81,5.75,5.59,11.65,10.55,8.71,6.19,12.55,7.58,6.45,4.86,9.47,11.57,7.1,6.57,5.67,7.16,6.81,7.2,11.95,4.79,6.65,6.06,5.78
1993-01-01,10.51,6.13,7.67,8.57,11.1,7.22,11.2,5.98,8.1,7.84,6.72,12.11,7.12,5.01,8.82,6.25,7.11,5.41,7.53,10.39,7.02,11.59,8.12,6.61,6.06,6.54,5.91,7.84,5.49,5.35,11.83,10.6,9.09,6.34,12.17,7.52,5.94,4.87,8.97,10.78,7.07,6.43,5.64,6.91,6.77,7.42,12.27,4.66,6.76,6.05,5.6
1993-02-01,10.77,6.59,7.74,8.85,10.91,6.94,10.68,5.89,8.07,7.85,7.1,12.18,7.51,4.96,8.69,6.32,7.32,5.51,7.44,10.6,7.08,11.51,8.1,6.94,6.37,6.66,5.9,7.93,5.78,5.55,11.91,10.53,8.71,6.8,12.14,7.64,6.61,4.91,8.89,11.06,7.07,6.7,5.64,7.01,6.81,6.91,11.63,4.61,6.95,6.09,5.71
1993-03-01,10.99,6.36,7.68,9.08,11.11,6.88,11.22,5.97,8.02,7.82,7.13,12.17,7.29,4.96,9.09,6.29,7.35,5.39,7.38,10.27,7.02,11.28,8.06,6.86,6.1,6.72,5.6,7.88,5.88,5.43,11.65,10.78,8.81,6.61,12.35,7.52,6.48,4.91,8.9,10.71,7.22,6.54,5.63,7.17,6.87,6.87,9.65,4.55,7.03,6.09,5.76
1993-04-01,11.23,6.88,8.07,9.36,11.15,7.06,11.58,5.96,8.42,8.21,7.49,12.16,7.68,4.85,9.7,6.86,7.62,5.73,7.48,10.73,7.32,11.28,8.01,6.82,6.57,7.04,5.47,8.13,6.2,5.69,11.82,11.06,9.09,7.02,12.71,8.11,6.92,4.82,9.1,11.0,7.28,6.72,5.7,7.57,6.86,7.29,8.3,4.35,7.03,6.31,5.97
1993-05-01,11.54,6.89,8.33,9.9,11.39,7.43,11.88,7.14,8.99,8.23,7.9,12.31,8.2,5.03,10.15,7.36,8.15,6.06,7.74,11.15,8.98,11.18,8.01,7.37,7.9,7.63,5.63,8.31,7.03,6.17,12.15,11.25,9.39,6.2,13.35,8.83,7.73,4.84,9.66,11.28,7.44,7.39,5.81,8.51,6.93,8.12,8.82,4.34,7.2,6.58,6.12
1993-06-01,11.56,6.93,8.81,10.26,11.5,7.63,12.09,8.09,9.99,8.05,8.48,12.37,8.88,5.07,11.08,7.22,8.06,6.09,7.71,11.56,9.69,11.04,8.22,7.64,8.88,7.39,5.72,8.23,7.24,7.65,12.65,11.99,9.3,5.81,13.93,9.1,7.9,4.9,10.25,11.72,7.52,7.68,5.9,8.41,6.91,8.32,8.81,4.34,7.11,6.53,6.31
1993-07-01,11.5,6.95,8.49,10.2,11.66,7.54,11.72,8.91,9.81,7.99,8.72,12.76,8.8,5.01,10.7,6.62,8.2,5.76,7.87,10.99,9.64,11.22,8.5,7.66,8.49,7.05,5.64,8.54,7.45,7.36,12.61,12.23,9.26,5.88,13.94,8.88,7.75,4.94,10.5,12.08,7.52,7.64,5.77,8.38,6.87,8.27,8.76,4.43,7.02,6.3,6.24
1993-08-01,11.45,7.05,8.55,10.2,11.76,7.22,11.56,8.89,9.84,7.98,8.69,12.67,8.73,5.08,10.81,6.52,8.42,5.95,7.8,11.26,9.65,11.46,8.47,7.28,8.53,7.19,5.68,8.43,7.25,7.27,12.75,12.23,9.41,6.33,13.92,8.98,7.53,4.9,10.4,11.96,7.44,7.57,5.77,8.49,6.89,8.28,8.62,4.43,7.06,6.39,6.27
1993-09-01,11.34,7.06,8.82,10.31,11.32,7.29,11.45,8.59,10.02,8.01,8.13,12.46,8.84,5.03,10.98,6.66,8.26,5.81,7.98,11.4,9.18,11.42,8.33,7.4,7.53,7.37,5.73,8.37,7.13,7.27,12.69,12.22,9.47,6.88,13.9,9.45,7.94,5.07,10.11,11.87,7.37,7.53,5.8,8.82,6.88,8.05,8.81,4.51,7.04,6.45,6.28
1993-10-01,11.32,7.22,8.63,10.25,11.18,7.26,11.51,6.93,9.46,7.92,7.69,12.24,8.27,5.11,16.13,7.4,8.21,6.0,8.15,11.25,8.13,11.47,7.87,6.97,7.06,7.5,5.75,8.61,6.67,6.11,12.56,11.16,9.54,7.39,13.28,8.81,6.92,5.36,9.83,11.18,7.13,7.47,5.96,8.81,6.92,7.64,8.71,4.53,7.22,6.68,6.33
1993-11-01,11.27,7.02,8.19,9.13,11.21,7.2,11.37,5.99,8.88,8.0,6.92,12.01,7.72,4.99,9.8,6.77,7.8,5.61,8.01,10.9,7.65,11.65,7.96,6.92,6.51,7.45,5.87,8.04,6.12,5.75,12.46,11.16,9.12,7.3,13.35,8.22,6.68,5.38,9.41,10.8,7.47,6.99,5.86,7.99,6.76,7.15,10.19,5.06,7.12,6.38,5.98
1993-12-01,10.98,6.7,7.91,8.65,11.29,7.36,10.96,6.11,8.66,7.97,6.86,11.91,7.42,4.93,9.08,6.54,7.36,5.35,7.54,12.0,7.38,11.94,8.09,6.81,6.14,6.85,6.06,7.91,5.75,5.4,13.12,10.96,9.07,6.56,13.1,7.86,6.54,5.28,9.09,12.32,7.36,6.67,5.72,6.51,6.79,6.89,11.27,5.03,6.97,6.14,5.67
1994-01-01,10.83,6.32,7.48,8.13,11.12,7.11,10.79,6.44,8.08,7.93,6.77,11.71,7.08,4.98,8.62,6.06,7.29,5.3,7.46,10.58,7.22,12.46,8.04,6.67,6.03,6.44,6.18,7.73,5.5,5.2,12.56,10.78,8.88,6.88,12.92,7.3,5.94,5.32,8.78,10.65,7.11,6.5,5.73,7.46,6.86,6.85,11.25,5.02,6.99,6.0,5.71
1994-02-01,11.25,6.44,7.58,8.34,11.13,7.19,10.64,6.52,7.88,7.91,6.95,11.59,7.01,5.0,8.81,6.22,7.44,5.32,7.55,10.51,7.24,12.37,8.03,6.67,6.02,6.77,6.16,7.9,5.63,5.36,12.37,10.83,9.04,7.53,12.74,7.59,6.16,5.38,8.6,10.84,7.12,6.51,5.72,7.25,6.91,6.96,11.59,5.04,7.09,6.01,5.8
1994-03-01,11.02,6.86,7.66,8.92,11.27,7.24,11.14,6.35,8.13,7.95,7.31,11.53,7.58,4.98,9.38,6.76,7.61,5.64,7.54,10.34,7.48,12.3,7.2,6.84,6.45,7.12,5.91,7.99,6.08,5.54,12.39,10.93,8.93,7.72,13.01,8.06,6.69,5.37,8.77,11.01,7.49,6.77,5.86,7.46,6.93,7.57,9.66,4.95,6.95,6.27,5.89
1994-04-01,11.37,6.71,7.95,9.15,11.46,7.34,11.72,6.41,8.64,7.85,7.33,12.19,8.17,4.93,9.75,7.16,7.92,5.9,7.66,10.7,7.74,12.32,8.04,7.13,6.91,7.45,5.69,8.26,6.39,5.81,12.4,11.14,9.02,7.48,13.19,8.5,6.66,5.17,9.24,10.57,7.58,6.99,5.94,7.79,6.95,7.91,8.42,4.74,7.12,6.41,6.03
1994-05-01,11.79,6.9,8.26,9.8,11.34,7.44,11.8,7.53,9.14,7.72,7.8,12.44,8.39,5.11,10.32,7.54,8.17,6.22,8.11,10.75,9.15,12.14,8.31,6.86,7.83,7.47,5.77,8.44,7.03,6.13,12.67,11.32,9.57,7.2,13.61,9.14,6.78,5.23,9.71,11.1,7.55,7.14,6.04,8.05,6.98,8.37,8.67,4.75,7.21,6.68,6.26
1994-06-01,11.42,6.91,8.55,10.04,11.59,7.49,12.0,8.72,9.87,7.71,8.58,12.31,8.71,5.21,10.83,7.08,7.98,6.01,7.97,11.73,9.95,12.04,8.58,7.85,8.69,7.15,5.8,8.23,7.45,7.56,13.36,11.98,9.19,7.32,14.11,9.38,8.0,5.24,10.37,11.27,7.72,7.75,5.96,8.44,6.94,8.8,9.13,4.7,7.05,6.47,6.29
1994-07-01,11.53,6.76,8.32,9.95,11.84,7.41,11.53,9.55,9.67,7.64,8.56,12.54,9.01,5.15,10.76,6.55,8.16,5.74,7.75,11.26,9.76,11.99,8.76,8.23,8.42,7.21,5.87,8.42,7.32,7.36,13.37,12.26,9.26,6.6,14.19,9.22,7.73,5.26,10.69,12.46,7.53,7.54,5.84,8.4,6.9,8.21,9.04,4.84,7.16,6.3,6.29
1994-08-01,11.63,6.78,8.39,9.78,11.83,7.42,11.89,9.19,9.68,7.65,8.46,12.95,9.01,5.16,11.16,6.76,8.36,6.09,7.48,11.13,9.7,12.17,8.62,7.7,8.57,7.24,5.81,8.42,7.33,7.43,13.42,12.33,9.44,6.69,14.3,9.32,7.67,5.21,10.27,11.4,7.56,7.65,5.87,8.45,6.89,8.42,9.03,4.85,7.05,6.46,6.27
1994-09-01,11.64,6.62,8.47,9.77,11.53,7.39,12.42,8.28,9.81,7.66,8.21,13.16,8.71,5.26,11.07,7.26,8.14,6.13,7.73,11.45,9.16,12.21,8.48,7.4,7.95,7.07,5.89,8.41,7.11,7.33,13.18,12.22,9.26,6.84,14.37,9.46,7.43,5.53,10.16,11.28,7.57,7.49,5.9,9.02,6.91,8.09,9.03,4.92,7.23,6.62,6.26
1994-10-01,11.58,6.93,8.12,9.79,11.14,7.5,11.25,6.41,9.12,7.79,7.46,13.34,8.05,5.26,10.77,7.44,8.15,6.05,7.58,12.01,8.25,12.23,8.22,6.98,6.9,7.24,5.89,8.6,6.89,5.89,13.32,11.41,9.36,8.18,13.43,9.03,7.16,5.49,10.05,11.35,7.65,7.35,6.05,8.37,6.96,7.94,9.04,4.98,7.08,6.71,6.43
1994-11-01,11.4,6.77,8.28,9.05,11.2,7.53,11.87,6.04,8.98,7.86,7.12,13.02,7.88,5.14,9.75,7.13,7.63,5.85,7.24,11.4,7.84,12.63,8.22,6.86,6.76,7.09,5.97,8.09,6.32,5.97,13.13,11.44,8.81,7.54,13.5,8.67,6.53,5.38,9.62,10.98,7.8,7.11,6.04,7.62,6.91,7.61,10.65,5.22,7.15,6.49,6.04
1994-12-01,10.93,6.45,7.68,7.96,11.52,7.33,11.46,6.2,8.52,7.85,7.16,12.54,7.58,5.07,9.06,6.38,7.35,5.61,7.02,11.75,7.7,12.78,8.29,6.73,6.25,6.57,6.27,7.96,5.71,5.62,13.23,11.37,8.95,7.16,13.15,8.08,6.28,5.31,9.23,12.12,7.59,6.55,5.88,7.4,6.86,7.27,11.9,5.34,6.92,6.49,5.76
1995-01-01,10.95,6.19,7.45,8.07,11.31,7.47,11.28,6.29,8.24,7.8,6.88,13.31,7.12,4.99,8.71,6.11,7.23,5.33,6.9,10.67,7.47,12.76,8.23,6.66,6.0,6.39,6.28,7.81,5.67,5.28,13.01,11.3,9.14,7.21,13.16,7.64,5.77,5.29,8.97,10.54,7.31,6.58,5.82,7.22,6.88,7.23,11.61,5.11,6.7,6.2,6.32
1995-02-01,11.17,6.26,7.45,8.52,11.28,7.28,11.29,6.36,8.26,7.79,7.2,13.28,7.33,5.11,9.32,6.24,7.52,5.29,7.11,10.99,7.43,12.75,8.17,6.73,6.15,6.45,6.25,7.78,5.73,5.62,13.14,11.25,8.74,7.45,13.11,7.78,5.98,5.38,9.11,11.73,7.25,6.65,5.81,7.38,6.92,7.29,11.59,4.97,9.41,6.27,5.79
1995-03-01,11.2,6.42,7.66,8.8,11.56,7.31,11.41,6.29,8.43,7.86,7.34,13.29,7.38,5.3,10.06,6.59,7.63,5.63,6.87,10.82,7.55,12.54,8.11,6.82,6.38,6.75,6.0,7.95,5.93,5.63,13.0,11.41,9.1,7.54,13.34,8.24,6.14,5.34,9.11,10.61,7.43,6.78,5.87,7.42,6.95,7.57,10.38,5.04,6.75,6.53,5.86
1995-04-01,11.22,7.1,8.02,8.82,11.39,7.41,11.64,6.06,8.86,7.88,7.48,13.38,7.78,5.29,10.43,7.16,8.01,5.81,7.05,11.12,7.87,12.38,8.04,6.95,6.94,7.26,5.77,8.24,6.18,5.91,12.99,11.54,9.06,7.51,13.54,8.78,6.93,5.28,9.49,11.6,7.64,6.95,6.04,8.08,6.95,8.04,9.09,4.81,6.8,6.78,5.95
1995-05-01,11.52,6.94,8.11,9.38,11.64,7.43,12.04,7.16,9.22,7.76,7.83,13.52,8.13,5.37,10.55,7.41,8.08,6.0,7.11,11.93,9.0,12.28,8.11,7.53,7.6,7.47,5.93,8.28,6.77,6.22,12.91,11.72,9.02,7.41,14.06,9.05,7.36,5.37,9.7,12.11,7.81,7.31,6.07,7.82,6.99,8.41,9.48,4.76,6.86,6.85,6.08
1995-06-01,11.57,6.88,8.29,9.66,11.73,7.48,11.68,8.33,10.01,7.71,8.53,13.49,8.79,5.43,11.29,7.26,8.13,6.03,7.21,11.49,9.97,12.24,8.4,7.79,8.8,7.16,6.04,8.14,6.08,7.76,14.02,12.48,8.83,6.95,14.63,9.49,7.75,5.51,10.25,11.38,7.65,7.56,6.06,8.29,6.98,8.58,9.68,4.54,6.78,6.77,6.17
1995-07-01,11.59,6.82,8.31,9.55,11.99,7.51,12.27,9.4,9.87,7.71,8.71,13.75,9.19,5.54,11.06,6.67,8.32,5.86,7.4,11.58,9.76,12.38,8.71,7.71,8.58,7.01,6.06,8.56,7.35,7.45,14.41,12.62,8.87,6.75,14.69,9.2,7.23,5.5,10.62,13.77,7.64,7.52,5.89,8.18,6.94,8.56,9.87,4.83,6.71,6.49,6.34
1995-08-01,11.69,6.92,8.27,9.48,12.05,7.46,12.57,9.74,9.76,7.71,8.95,13.64,8.68,5.44,11.01,6.43,8.32,5.55,7.63,11.04,9.72,12.48,8.81,7.58,8.34,6.9,6.06,8.32,7.21,7.23,13.76,12.86,8.98,6.73,14.58,9.1,7.26,5.51,10.45,11.46,7.62,7.4,5.85,8.13,6.92,8.51,9.82,4.83,6.68,6.39,6.85
1995-09-01,11.48,7.02,8.32,9.44,11.77,7.42,12.55,9.35,9.85,7.72,8.26,13.38,8.68,4.69,11.12,6.74,8.14,5.58,7.25,11.75,9.32,12.46,8.58,7.43,7.6,7.02,6.07,8.36,7.07,7.24,13.62,12.78,8.77,6.85,14.51,9.43,7.14,5.77,10.31,9.67,7.45,7.3,5.87,7.09,6.93,8.3,9.93,4.85,6.71,6.64,6.2
1995-10-01,11.21,7.1,8.08,9.47,11.42,7.52,12.99,7.17,9.25,7.96,7.49,13.41,10.19,6.44,11.71,7.74,8.15,6.06,7.34,11.35,8.27,12.44,8.14,7.05,6.91,7.45,6.05,8.59,6.61,5.98,14.08,11.79,8.95,7.3,13.76,9.05,7.16,5.74,10.16,10.81,7.47,7.5,6.09,8.08,7.0,8.08,9.94,4.96,6.92,6.89,6.31
1995-11-01,10.99,6.59,7.96,8.57,11.37,7.47,12.27,6.47,8.96,8.07,7.12,13.46,8.32,5.37,10.02,7.06,7.5,5.57,7.26,10.47,7.62,12.58,8.15,6.92,6.49,7.38,6.11,7.89,5.98,5.79,13.82,11.73,8.9,7.52,13.81,8.33,6.56,5.64,9.7,10.7,7.55,6.97,5.98,7.38,6.96,7.34,11.1,5.21,6.79,6.65,5.84
1995-12-01,10.79,6.19,7.53,8.34,11.65,7.32,11.83,6.69,8.38,8.06,6.85,12.07,7.24,5.32,9.31,6.46,7.36,5.2,7.23,12.06,7.26,12.61,8.25,6.71,5.99,6.8,6.28,7.72,5.57,5.55,13.52,11.56,8.78,7.2,13.5,7.76,6.02,5.68,9.15,13.01,7.62,6.75,5.84,7.15,6.92,6.94,12.16,5.3,6.73,6.17,5.76
1996-01-01,11.0,6.21,7.22,7.98,11.43,7.21,11.9,6.69,8.08,7.87,6.61,13.6,7.23,5.27,9.16,6.14,7.18,5.26,6.98,10.16,7.2,12.62,8.26,6.64,5.79,6.33,6.26,7.59,5.54,5.2,12.93,11.34,8.66,7.01,13.39,7.54,5.35,5.64,8.84,10.22,7.11,6.58,5.76,6.94,6.9,6.86,11.78,5.23,6.68,6.13,5.72
1996-02-01,10.55,6.26,6.7,8.45,11.16,7.23,11.98,6.85,8.02,7.92,6.96,13.76,7.36,5.05,9.28,6.17,7.37,5.38,7.31,10.94,7.25,12.68,8.37,6.85,5.86,6.45,6.2,7.67,5.6,5.27,13.15,11.41,8.83,7.27,13.46,7.78,5.7,5.7,8.92,11.37,7.27,6.52,5.76,6.5,6.93,6.98,11.99,5.12,6.82,6.21,5.78
1996-03-01,11.05,6.13,7.45,8.46,11.25,7.28,12.01,6.75,8.28,8.01,7.35,14.02,7.6,5.55,9.57,6.58,7.58,5.4,7.56,11.47,7.46,12.61,8.43,6.92,6.31,6.79,6.03,7.92,5.86,5.58,13.06,11.49,8.98,7.27,13.71,8.08,5.94,5.69,9.17,13.0,7.58,6.78,5.84,7.25,6.96,7.22,10.8,4.92,6.85,6.4,5.88
1996-04-01,11.33,6.46,7.46,8.96,11.27,7.44,11.85,6.64,8.58,7.98,7.2,13.88,8.19,5.18,10.0,6.83,7.75,5.47,7.87,10.91,7.7,12.6,8.38,6.97,6.31,7.14,5.9,7.96,6.03,5.69,13.13,11.68,8.91,7.36,13.8,8.47,6.28,5.55,9.41,11.53,7.6,6.89,5.9,7.46,6.96,7.52,9.72,4.92,7.08,6.52,6.05
1996-05-01,11.68,6.88,8.01,9.23,11.53,7.61,12.14,7.74,9.15,7.94,7.81,14.16,8.64,5.42,10.55,7.31,8.0,5.82,7.57,10.84,8.89,12.5,8.47,7.35,7.52,7.4,6.04,8.19,6.57,6.22,13.43,11.89,9.05,6.86,14.0,9.02,6.66,5.53,10.12,12.1,7.98,7.22,6.05,7.73,7.0,8.25,10.15,4.97,6.97,6.79,6.22
1996-06-01,11.85,6.74,8.4,9.4,10.42,7.75,12.01,9.25,9.99,7.85,8.46,14.2,9.03,5.39,10.99,7.14,8.08,5.83,7.55,12.54,9.65,12.44,8.2,7.65,8.55,7.17,6.11,7.98,7.1,7.77,13.68,12.43,8.95,6.66,14.54,9.46,7.7,5.48,10.52,12.72,7.66,7.58,6.02,8.3,6.96,8.35,10.25,4.9,6.89,6.68,6.21
1996-07-01,11.92,6.83,8.15,9.31,11.56,7.67,11.91,9.85,9.88,7.93,8.68,14.69,9.34,5.35,11.4,6.57,8.21,5.64,7.59,11.41,9.65,12.5,8.84,7.49,8.38,7.16,6.27,8.46,7.12,7.39,13.94,12.68,8.9,6.54,14.67,9.26,7.34,5.6,10.71,13.57,7.62,7.39,5.82,8.28,6.94,8.31,10.39,4.92,6.8,6.45,6.35
1996-08-01,11.7,6.9,8.26,9.28,11.88,7.61,12.54,9.23,9.89,7.94,8.66,14.32,8.89,5.25,11.27,6.82,8.61,5.98,7.75,11.71,9.93,12.58,8.78,7.66,8.56,7.21,6.35,8.4,7.18,7.54,13.74,12.67,8.99,6.56,14.78,9.4,7.69,6.07,10.87,13.09,7.53,7.48,5.87,8.3,6.92,8.37,10.33,4.95,6.86,6.42,6.6
1996-09-01,11.91,6.88,8.26,9.28,11.36,7.7,12.63,8.85,9.89,7.97,8.05,14.18,8.6,5.38,11.29,6.8,8.16,5.69,8.09,11.59,9.29,12.56,8.74,7.41,7.94,7.38,6.29,8.45,6.95,7.4,13.26,12.7,8.84,6.73,14.59,9.42,7.11,6.17,10.55,10.35,7.45,7.26,5.9,8.23,6.99,8.08,10.33,4.94,6.85,6.51,6.47
1996-10-01,11.75,7.05,8.04,9.34,11.36,7.77,12.27,7.15,9.2,8.15,7.37,14.61,8.04,5.27,11.71,7.65,7.94,5.9,7.83,10.96,8.16,12.57,8.2,7.12,6.82,7.42,6.27,8.75,6.54,5.97,13.46,11.97,9.32,7.12,13.97,9.23,7.4,5.76,10.02,10.89,7.57,7.42,6.08,8.23,6.73,7.88,10.33,4.95,7.03,6.71,6.68
1996-11-01,11.62,6.91,7.75,8.73,11.0,7.54,12.01,6.49,8.9,8.25,7.02,14.73,7.59,5.22,10.03,7.48,7.56,5.36,7.13,10.56,7.62,12.59,8.37,6.85,6.39,7.22,6.35,7.94,5.88,5.86,13.29,11.74,8.69,7.34,13.83,8.42,6.57,5.71,9.48,10.53,7.57,6.93,5.99,7.58,7.34,7.38,11.43,5.07,6.96,6.3,6.15
1996-12-01,10.87,6.37,7.34,8.09,11.52,7.3,11.58,6.77,8.39,8.22,6.4,14.87,7.5,5.19,9.33,6.64,7.27,5.13,6.97,12.14,7.21,12.67,8.52,6.8,5.76,6.91,6.52,7.75,5.78,5.44,14.5,11.59,9.08,7.1,13.75,7.83,5.74,5.61,9.12,12.74,7.38,6.59,5.84,7.25,6.92,6.92,13.08,5.25,6.82,5.91,6.02
1997-01-01,10.9,6.19,7.29,7.83,11.23,7.22,11.75,6.66,8.22,8.16,6.82,15.05,7.19,5.05,9.1,6.32,7.25,5.16,7.18,11.21,7.35,12.79,8.54,6.69,5.71,6.72,6.43,7.65,5.41,5.06,13.31,11.53,8.84,7.1,13.75,7.7,5.5,5.31,9.05,11.51,7.3,6.47,5.82,7.06,6.91,7.04,12.71,5.2,6.66,5.97,5.78
1997-02-01,11.15,6.57,7.29,7.92,11.01,7.28,11.8,6.82,8.37,8.22,7.08,15.28,7.43,5.05,9.28,6.35,7.25,5.39,7.56,11.19,7.51,12.73,8.5,7.21,5.88,6.74,6.39,7.69,5.77,5.48,12.9,11.61,8.67,6.92,13.67,7.93,5.92,5.43,9.19,11.1,7.17,6.61,5.85,7.17,6.84,7.21,12.61,5.19,6.82,6.04,5.87
1997-03-01,11.39,6.77,7.38,8.25,11.26,7.3,11.97,6.66,8.67,8.27,7.29,15.16,7.44,4.99,10.15,6.82,7.45,5.53,7.69,11.52,7.66,12.7,8.47,6.99,6.32,6.73,6.32,8.03,5.9,5.79,13.33,11.67,8.72,7.3,13.83,8.34,6.45,5.48,9.37,13.98,7.52,6.8,5.93,7.34,6.6,7.59,11.55,5.06,6.79,6.29,6.02
1997-04-01,11.77,6.98,8.02,8.64,11.3,7.41,12.17,6.55,8.89,8.28,7.45,14.85,8.05,5.06,10.62,7.5,7.59,5.57,7.23,10.66,7.81,12.73,8.4,7.0,6.56,7.14,6.16,8.07,6.16,5.84,13.31,11.81,9.22,7.2,13.69,8.51,6.41,5.54,9.66,11.14,7.62,6.94,6.05,7.67,7.4,7.71,10.57,4.72,6.85,6.59,6.24
1997-05-01,11.74,7.14,8.16,9.22,11.55,7.8,12.39,7.84,9.3,8.24,7.86,14.81,8.62,5.24,11.18,7.51,8.05,5.88,6.9,11.54,8.86,12.63,8.4,7.35,7.4,7.56,6.37,8.14,6.7,6.28,13.53,12.08,9.22,6.65,13.84,8.95,7.15,5.7,10.07,11.71,7.67,7.31,6.12,8.03,6.84,8.13,10.74,4.48,7.0,6.47,6.48
1997-06-01,11.76,6.86,8.26,9.37,11.61,7.59,12.5,9.02,10.25,8.14,8.35,14.76,8.28,5.4,11.57,7.52,8.04,6.3,7.21,12.54,9.69,12.63,8.75,7.91,8.72,7.22,6.48,8.11,7.13,7.89,14.18,12.48,8.91,6.47,14.7,9.5,7.37,5.77,10.59,13.27,7.76,7.78,5.96,8.49,6.93,8.45,11.04,4.7,7.39,6.52,6.59
1997-07-01,11.69,6.7,8.15,9.27,11.84,7.41,12.24,9.86,10.02,7.92,8.58,14.41,9.01,5.43,11.09,6.91,7.8,5.64,7.4,11.42,9.59,12.73,8.83,7.77,8.48,7.04,6.45,8.38,7.21,7.55,14.01,12.76,8.94,6.44,14.8,9.16,7.07,5.74,10.93,13.31,7.63,7.52,5.93,7.87,6.88,8.36,11.03,4.8,6.72,6.27,6.63
1997-08-01,11.6,6.85,8.0,9.25,11.92,7.41,12.47,9.49,10.01,8.04,8.73,14.49,8.99,5.36,11.44,6.81,8.61,5.71,7.56,11.86,9.63,12.78,9.0,7.63,8.41,7.03,6.45,8.26,7.32,7.44,14.06,12.75,8.76,6.45,14.68,9.35,7.31,5.93,10.73,11.92,7.54,7.44,5.89,8.05,6.84,8.41,10.76,4.83,6.77,6.23,6.49
1997-09-01,11.42,6.9,8.3,9.16,11.62,7.44,12.56,8.85,10.09,8.06,8.3,14.3,8.57,5.27,11.55,7.15,7.82,6.13,7.53,11.36,9.09,12.72,8.56,7.43,7.86,7.07,6.44,8.31,7.12,7.39,13.96,12.58,9.1,6.5,14.56,9.49,6.71,5.71,10.58,11.86,7.52,7.43,5.97,8.35,6.87,8.14,10.78,4.88,6.86,6.45,6.56
1997-10-01,11.65,7.03,7.78,9.3,11.59,7.58,12.49,7.23,9.43,7.88,7.38,14.66,8.29,5.28,10.71,7.56,7.72,5.71,7.5,11.92,8.11,12.72,8.48,7.15,6.55,7.31,6.42,8.54,6.76,5.93,14.11,11.95,9.18,6.97,14.01,9.02,6.94,5.68,10.11,12.62,7.61,7.39,6.45,8.32,6.93,8.19,10.73,4.93,6.93,6.57,6.74
1997-11-01,11.44,6.75,7.58,8.57,11.28,7.48,12.01,6.75,9.06,7.98,7.08,14.62,8.72,5.17,9.73,7.14,7.23,5.3,7.41,11.71,7.5,12.8,8.37,6.95,6.27,7.01,6.39,7.85,6.01,5.99,13.84,11.75,8.79,7.31,13.93,8.37,6.23,5.52,9.52,11.02,7.62,7.01,6.36,7.54,6.89,7.31,10.81,5.07,6.89,6.19,6.18
1997-12-01,11.28,6.43,7.29,8.0,11.64,7.27,11.7,7.2,8.63,7.93,6.82,15.27,7.8,4.9,9.34,6.55,7.01,5.11,7.31,12.19,7.32,12.94,8.42,6.77,5.92,6.75,6.53,7.61,5.67,5.61,13.46,11.53,8.87,6.9,13.84,7.97,5.85,5.41,9.47,12.18,7.35,6.85,6.2,7.16,6.82,7.0,12.87,5.08,6.91,5.96,5.92
1998-01-01,11.27,6.22,7.09,7.56,10.96,7.25,11.75,7.21,8.49,7.89,6.74,14.59,7.71,4.93,9.64,6.57,7.03,5.32,7.25,10.71,7.34,12.92,8.36,6.78,5.79,6.63,6.46,7.63,5.62,5.3,13.0,11.12,8.66,6.86,13.87,7.97,5.35,5.46,9.14,12.12,7.21,6.63,6.19,6.87,6.8,7.15,13.18,5.14,6.92,6.03,5.93
1998-02-01,11.54,6.29,7.23,7.74,10.23,7.37,11.95,7.03,8.46,7.94,6.89,14.45,8.18,5.02,10.24,6.84,7.28,5.59,7.09,11.1,7.49,13.05,8.74,6.98,6.08,6.8,6.48,7.74,5.86,5.67,12.47,10.92,8.63,7.25,13.73,8.27,5.95,5.83,8.54,10.99,7.17,6.85,6.25,7.07,6.91,7.31,12.16,5.14,6.97,6.12,6.05
1998-03-01,11.49,6.62,7.07,7.88,9.92,7.4,11.93,6.77,8.54,7.94,6.99,14.24,7.99,5.0,10.05,6.82,7.08,5.49,6.79,10.59,7.61,13.02,8.39,7.12,6.19,6.99,6.43,7.86,6.06,5.64,13.95,10.69,8.67,7.3,13.77,8.34,6.05,5.84,9.4,12.37,7.49,6.76,6.31,7.16,6.86,7.3,11.01,5.08,7.12,6.43,6.07
1998-04-01,11.5,6.82,7.6,8.52,10.35,7.53,12.09,6.65,8.83,7.98,7.08,13.76,8.35,5.13,10.72,7.39,7.47,5.73,6.35,10.59,7.88,13.03,8.48,7.27,6.53,7.24,6.29,7.95,6.44,5.81,14.0,10.86,8.93,7.34,13.84,8.8,6.55,5.9,9.76,11.06,7.43,7.39,6.4,7.27,6.87,7.6,10.77,4.94,7.29,6.13,6.3
1998-05-01,11.97,7.25,7.69,9.42,10.7,7.64,12.32,8.06,9.13,7.91,7.8,13.62,8.93,5.2,11.05,7.4,7.75,6.1,7.03,10.62,8.97,12.94,8.5,7.79,6.96,7.63,6.53,8.2,7.08,6.22,14.16,11.26,9.0,7.28,14.05,8.9,7.05,6.01,10.35,11.12,7.74,7.71,6.48,7.45,6.95,8.03,11.15,4.86,7.36,6.59,6.52
1998-06-01,11.62,7.18,7.92,9.38,10.56,7.67,12.37,9.38,9.9,7.81,8.46,13.61,8.89,5.5,11.2,7.14,7.68,5.8,6.9,10.68,9.74,12.89,8.8,7.79,8.76,7.21,6.52,7.85,7.43,8.03,14.22,11.68,8.8,6.97,13.78,9.25,7.01,6.04,11.1,11.11,7.65,7.85,6.43,7.97,6.94,7.51,11.13,4.87,7.35,6.47,6.57
1998-07-01,11.62,7.02,7.66,9.1,10.75,7.43,11.86,9.75,9.78,7.81,8.72,13.68,8.86,5.56,11.73,6.75,7.93,5.6,7.23,10.63,9.71,12.97,8.97,7.63,8.23,7.16,6.48,8.28,7.14,7.46,14.01,11.96,8.89,6.59,13.78,9.12,7.03,6.11,11.09,11.31,7.6,7.51,6.22,8.13,6.84,7.97,10.95,4.89,7.05,6.28,8.16
1998-08-01,11.65,7.25,7.75,9.24,10.92,7.42,12.05,9.35,9.74,7.83,8.48,13.58,8.85,5.62,9.12,6.79,8.41,5.76,7.2,10.8,9.72,13.05,8.94,7.74,8.4,7.08,6.44,8.22,7.21,7.44,14.37,12.12,9.45,6.66,13.65,9.13,6.85,6.04,10.65,10.91,7.64,7.52,6.24,8.11,6.83,8.04,10.95,4.91,7.13,6.22,5.8
1998-09-01,11.48,7.2,7.76,9.13,10.86,7.43,11.85,9.08,9.76,7.85,7.97,13.51,8.61,5.52,9.06,7.0,8.07,5.66,7.47,10.25,9.13,13.04,8.86,7.64,7.27,7.26,6.49,8.23,7.26,7.35,14.03,11.94,9.03,6.79,13.66,9.24,6.76,6.08,10.55,9.74,7.52,7.4,6.26,7.83,6.88,7.55,10.77,4.98,7.11,6.45,6.53
1998-10-01,11.74,6.94,7.22,9.14,10.49,7.53,12.03,7.69,9.0,7.88,7.15,13.54,8.31,5.38,8.69,7.55,7.44,5.57,7.18,10.4,8.08,13.05,8.84,7.08,6.28,6.78,6.48,8.4,6.6,5.66,14.37,11.2,8.94,7.33,13.29,8.61,6.87,5.9,10.25,9.92,7.44,7.43,6.35,8.13,6.94,7.31,11.02,5.02,7.4,6.55,5.98
1998-11-01,11.31,7.53,7.44,8.27,10.51,7.57,11.88,6.35,8.94,8.0,7.03,13.39,8.16,5.37,8.18,7.48,7.23,5.52,7.08,10.18,7.55,13.07,8.5,7.05,6.46,6.67,6.58,7.9,6.28,6.13,14.31,11.08,8.56,7.53,13.04,8.6,6.45,5.7,8.14,10.26,7.55,7.29,6.48,7.16,6.86,7.19,12.14,5.12,7.34,6.38,6.26
1998-12-01,11.12,6.8,7.23,7.84,10.56,7.31,11.55,6.53,8.65,7.98,6.64,13.89,7.53,5.39,8.31,6.94,7.25,5.33,6.62,10.53,7.54,13.16,8.51,6.98,6.08,6.62,6.72,7.8,6.23,5.75,14.18,10.96,8.58,7.16,12.92,8.23,5.95,5.56,8.96,10.53,7.56,7.21,6.37,7.11,6.55,7.13,13.03,5.15,7.12,6.17,6.07
