AK,AL,AR,AZ,CA,CO,CT,DE,FL,GA,HI,IA,ID,IL,IN,KS,KY,LA,MA,MD,ME,MI,MN,MO,MS,MT,NC,ND,NE,NH,NJ,NM,NV,NY,OH,OK,OR,PA,RI,SC,SD,TN,TX,UT,VA,VT,WA,WI,WV,WY
3.15,0.33,3.13,2.55,3.02,2.85,3.86,2.84,3.05,3.73,7.18,2.1,3.91,3.57,3.55,3.09,3.45,3.29,3.13,2.9,3.51,3.36,3.4,3.3,3.24,3.26,3.5,3.23,4.02,3.57,2.72,3.37,3.09,3.0,3.01,2.19,2.53,3.36,3.68,3.54,3.44,3.16,3.33,3.37,2.7,3.4,2.32,3.32,3.4,2.81
3.22,0.33,2.6,2.5,2.87,2.8,3.79,3.16,2.98,3.84,7.27,1.98,3.72,2.93,2.77,2.83,3.36,3.2,3.59,3.04,3.73,3.43,2.72,3.11,3.21,3.27,2.76,3.05,4.12,3.47,2.54,3.23,2.94,3.13,3.16,2.14,2.38,3.28,3.71,3.45,2.97,2.76,3.26,3.33,2.77,3.16,2.05,3.54,3.38,2.94
3.03,0.33,2.51,2.5,2.7,2.79,3.5,2.91,2.57,3.62,7.24,1.92,3.28,3.1,2.62,3.09,3.34,2.85,3.06,2.6,3.28,3.48,2.6,2.81,3.16,3.18,2.78,3.14,3.44,3.07,2.37,2.98,2.6,2.94,3.16,2.03,2.43,3.18,3.61,3.2,2.89,2.68,3.12,3.75,2.86,2.67,1.84,3.03,3.1,2.88
2.93,0.33,2.54,2.36,2.79,2.88,3.21,2.41,2.48,3.19,6.96,2.09,2.85,2.8,2.48,2.87,3.29,2.82,2.69,2.8,2.96,3.11,2.35,2.67,2.71,3.13,2.59,2.64,3.06,2.88,2.4,2.92,2.64,2.86,2.74,2.01,2.55,3.39,3.32,3.12,2.66,2.52,3.01,4.55,2.7,2.61,1.82,3.52,3.05,2.86
2.96,0.33,2.39,2.34,2.83,3.19,3.1,2.97,2.45,2.96,7.29,2.15,2.48,3.12,2.79,2.42,3.29,2.84,2.79,3.45,2.84,2.52,2.66,2.64,3.4,2.97,2.85,2.38,2.91,2.81,3.4,2.63,2.92,2.83,3.03,1.83,2.51,3.51,3.79,3.24,3.04,2.75,2.93,4.75,2.84,2.97,1.71,3.95,3.22,4.65
3.09,0.33,2.67,2.34,2.9,3.46,3.47,2.44,2.37,3.24,6.24,2.77,2.75,3.5,3.06,2.25,3.05,2.64,3.05,3.99,3.28,3.04,3.22,2.77,3.55,3.26,3.2,2.68,3.12,3.11,3.41,2.76,2.93,3.03,3.12,1.86,2.9,3.74,4.07,3.15,3.61,2.77,2.85,5.23,3.42,3.68,1.83,4.89,3.87,3.63
2.95,0.33,2.7,2.29,3.23,3.4,3.78,2.42,2.31,3.16,5.85,2.2,2.57,3.38,2.98,2.27,2.74,2.73,2.72,4.11,2.81,3.14,3.09,2.65,3.57,3.21,3.1,3.0,3.32,3.14,3.06,2.77,2.86,3.12,3.03,1.73,2.61,4.17,4.21,2.65,3.45,2.86,2.87,5.27,3.49,3.2,1.88,5.31,3.9,3.27
3.91,0.35,2.66,2.04,2.87,3.39,3.59,2.3,2.32,3.05,6.28,2.24,2.64,2.78,2.85,2.31,2.48,2.58,2.67,3.85,2.84,2.95,2.87,2.65,2.97,3.15,2.93,2.67,2.95,3.27,2.0,2.74,2.74,2.74,2.88,1.74,2.53,4.17,3.84,2.64,3.46,2.56,3.14,4.87,2.76,2.6,1.84,5.76,3.99,3.88
2.94,0.38,2.6,2.31,2.84,3.38,3.72,2.49,2.65,3.08,7.54,2.44,2.8,2.89,2.87,2.48,2.38,2.64,2.92,3.57,3.35,2.96,2.91,2.65,3.35,3.4,3.11,2.5,2.92,3.26,2.58,2.79,2.86,3.05,2.66,1.69,2.54,4.12,3.59,2.46,3.48,2.67,2.88,5.26,2.95,2.74,1.89,5.52,3.46,3.37
3.02,0.33,2.75,2.28,2.82,3.06,3.64,2.54,2.9,3.1,9.65,1.96,2.62,2.84,2.49,2.45,2.57,2.79,2.91,3.12,3.09,3.06,2.43,2.7,2.78,3.32,2.62,2.33,2.85,3.18,2.36,2.66,3.0,2.81,2.86,1.86,2.3,3.77,3.44,2.85,2.82,2.55,2.72,4.38,2.98,2.77,1.85,3.41,3.04,2.56
3.18,0.33,2.82,2.51,2.96,2.9,3.94,3.62,3.0,3.52,10.42,1.95,3.4,3.27,2.69,2.42,3.04,3.17,2.91,3.53,3.59,3.18,2.75,2.98,3.18,3.52,2.9,2.62,3.49,3.46,3.17,3.28,2.78,3.23,3.34,2.17,2.55,3.54,3.74,3.4,3.08,3.1,3.29,4.06,2.99,3.45,1.96,3.03,3.27,2.68
3.2,0.35,2.8,2.44,2.99,2.79,3.89,3.46,3.17,3.47,10.09,2.01,3.56,3.45,2.89,3.1,3.13,3.24,3.94,3.2,4.18,3.18,2.89,3.02,3.06,3.49,2.97,2.46,4.17,3.39,2.43,3.54,3.06,3.42,3.27,2.24,2.38,3.24,3.91,3.66,3.21,3.27,3.5,3.55,2.82,3.44,1.98,3.14,3.4,2.77
3.5,0.33,2.71,2.6,2.91,2.64,3.56,3.28,2.89,3.99,9.17,2.03,3.39,3.3,2.64,2.88,2.97,2.73,3.98,2.99,3.89,3.47,2.69,2.86,2.93,3.73,2.68,2.54,4.05,3.32,2.5,3.36,2.68,3.52,3.07,2.16,2.39,3.1,3.74,3.45,3.16,2.79,3.4,3.57,2.78,2.92,2.02,3.02,3.3,3.12
3.41,0.33,2.32,2.55,2.84,2.69,3.82,2.82,2.55,3.98,9.99,2.24,3.27,3.18,2.58,2.65,2.89,2.55,3.77,2.73,3.86,3.39,2.11,2.75,2.68,3.78,2.57,2.43,3.99,3.17,2.43,2.92,2.53,3.38,3.09,1.95,2.56,3.01,3.66,3.4,3.01,2.44,3.16,3.76,2.89,2.77,1.87,2.8,3.01,3.15
2.92,0.33,2.24,2.54,2.64,2.82,3.5,2.48,2.42,3.63,8.62,2.1,3.09,2.88,2.48,2.69,2.9,2.5,2.4,2.6,3.07,3.37,2.42,2.51,2.92,3.63,2.68,2.22,3.13,2.76,2.23,2.79,2.51,3.28,3.0,1.98,2.29,2.91,3.35,2.77,2.98,2.44,2.68,3.96,2.69,2.53,1.89,4.11,2.82,3.11
2.93,0.34,2.31,2.42,2.69,2.93,2.78,2.33,2.25,2.73,8.18,2.11,2.85,3.02,2.4,2.32,3.26,2.33,2.48,2.57,3.1,2.91,2.39,2.34,2.7,3.54,2.69,2.08,2.74,2.91,2.94,2.77,2.82,3.32,2.9,1.76,2.2,3.18,3.55,3.23,2.85,2.64,2.62,4.28,3.07,2.69,1.76,4.23,2.77,3.08
2.95,0.33,2.84,2.34,2.63,3.09,3.13,2.38,2.45,2.79,8.57,2.43,2.52,2.87,2.9,2.44,3.35,2.3,2.68,2.91,3.21,2.82,2.71,2.34,3.01,3.81,2.9,2.32,2.86,3.0,2.72,2.64,2.81,3.62,3.31,1.78,2.3,4.06,3.62,3.0,3.14,2.83,2.46,4.43,2.97,3.01,1.65,4.87,3.08,3.39
2.92,0.33,2.45,2.52,2.78,3.56,3.54,2.15,2.37,2.84,7.22,2.61,2.54,3.29,2.67,2.47,3.11,3.87,2.78,3.92,2.54,2.86,2.85,2.33,3.05,4.07,2.9,2.3,3.0,3.3,2.9,2.69,2.75,3.93,3.42,1.9,2.37,4.09,3.73,3.08,3.71,2.81,2.53,5.43,2.62,2.52,1.74,3.53,3.78,3.72
2.8,0.32,2.3,2.41,2.71,3.48,4.22,2.21,2.16,3.06,8.76,2.07,2.47,2.85,3.38,2.01,2.48,2.18,2.53,4.17,2.84,2.66,3.19,2.24,2.89,4.38,2.97,2.52,2.87,2.88,3.01,2.53,3.22,4.33,3.29,1.69,2.64,3.98,3.95,2.05,3.65,2.59,2.48,5.3,2.9,2.43,1.9,8.65,3.8,3.68
2.79,0.33,2.48,2.24,2.78,3.56,4.27,2.14,2.3,2.64,8.99,2.31,2.47,2.79,2.84,1.81,2.34,2.3,2.49,4.46,3.17,3.04,2.96,2.27,2.84,4.44,2.78,2.52,2.8,3.31,2.27,2.55,2.6,4.38,3.37,1.77,2.42,4.06,3.57,2.01,3.59,2.74,2.47,5.53,2.75,2.31,1.84,3.65,3.75,3.52
2.94,0.33,2.38,2.32,2.76,3.49,3.96,2.46,2.43,2.97,8.75,2.23,2.66,2.68,2.86,2.17,2.32,2.33,2.64,4.36,3.27,3.28,2.83,2.31,3.07,4.16,3.0,2.33,2.79,3.48,2.29,3.09,2.78,3.98,2.88,1.79,2.56,3.87,3.67,3.01,3.56,3.06,2.6,5.5,3.62,2.58,1.87,4.25,3.56,3.04
3.05,0.33,2.39,2.38,2.8,2.9,3.4,2.62,2.59,3.11,9.12,2.09,2.85,2.9,2.94,2.28,2.64,2.52,2.65,3.47,3.24,3.15,2.7,2.6,3.11,3.57,2.85,2.11,2.88,3.41,2.7,3.02,2.61,3.47,2.59,2.29,2.29,3.56,3.95,3.55,3.13,2.96,2.91,4.13,2.87,2.83,1.97,3.45,3.26,2.76
2.86,0.33,2.29,2.42,2.78,2.69,3.27,3.08,2.66,3.38,8.64,2.04,2.99,2.99,2.76,2.76,2.83,2.48,2.98,3.09,3.43,3.13,2.54,2.55,2.98,3.5,2.62,2.19,3.31,3.22,2.41,2.9,2.61,3.33,3.05,2.37,2.45,3.14,3.88,3.05,2.83,3.02,3.0,3.91,2.98,2.9,2.0,3.15,3.15,2.65
3.37,0.28,2.52,2.37,3.25,2.66,3.4,2.83,2.68,3.36,8.93,2.07,3.36,3.32,2.86,3.1,3.0,2.59,3.6,3.04,3.8,3.02,2.95,2.7,3.04,3.52,2.88,2.26,4.01,3.05,2.27,3.14,2.91,3.42,3.12,2.15,2.43,3.03,3.6,3.34,3.15,2.72,3.1,3.04,2.78,3.04,2.1,4.18,3.15,2.83
3.16,0.36,2.34,2.87,2.87,2.67,3.39,3.01,2.56,3.27,7.53,1.96,3.52,3.07,2.64,2.73,2.95,2.34,3.45,2.74,3.67,3.21,2.68,2.41,2.88,3.57,2.71,2.2,3.88,3.15,2.05,2.88,2.77,3.44,2.96,2.17,2.4,2.86,3.52,3.24,2.95,2.47,2.98,3.26,2.76,2.93,1.76,3.14,3.02,2.95
3.06,0.36,2.08,2.61,2.56,2.6,3.37,1.81,2.31,3.79,7.22,2.17,2.99,2.79,2.58,2.74,2.89,1.93,3.39,2.41,3.47,3.11,2.3,2.06,2.46,3.57,2.36,2.13,4.0,2.81,1.92,2.49,2.37,3.34,2.98,2.07,2.27,2.72,3.4,2.99,2.86,2.26,2.78,3.54,2.76,2.34,1.77,2.8,2.88,2.95
2.68,0.34,2.12,2.62,2.37,2.67,3.18,2.62,2.34,2.61,7.4,2.28,2.71,2.75,2.72,2.09,2.85,2.06,2.59,2.45,2.97,3.19,2.47,2.14,2.59,3.58,2.46,2.2,2.93,2.58,1.82,2.57,2.18,3.2,2.87,2.06,2.35,2.77,3.06,2.7,2.98,2.36,2.77,4.17,2.65,2.14,1.8,1.93,3.03,2.83
2.8,0.33,1.98,2.38,2.88,2.75,3.75,2.55,2.39,2.57,7.64,1.94,2.97,2.57,2.48,2.28,2.89,2.25,2.44,2.88,2.91,2.93,2.26,2.32,2.6,3.63,2.47,2.09,2.92,2.66,2.4,2.67,2.56,3.21,2.96,2.11,2.22,3.06,3.38,2.75,2.42,2.68,2.83,5.26,2.76,2.33,1.63,2.29,3.12,3.23
3.01,0.33,1.57,2.43,2.47,3.45,4.76,2.59,2.29,2.9,7.6,2.55,2.72,2.71,3.77,2.32,2.89,2.42,2.66,3.71,3.66,2.89,3.02,2.5,2.85,4.03,3.07,2.65,3.31,3.19,2.09,2.91,2.85,3.36,3.35,2.97,2.59,3.62,3.99,2.93,3.42,3.01,2.85,8.05,3.04,2.8,1.84,4.05,3.45,3.43
3.28,0.33,2.31,2.53,2.59,3.23,4.96,2.9,2.37,3.21,7.55,2.57,2.89,3.16,4.12,2.07,2.98,2.3,2.82,4.46,3.77,2.82,3.25,2.59,3.2,4.51,3.28,2.68,3.62,3.17,2.48,3.11,3.13,3.55,3.43,1.88,2.14,4.01,4.21,3.1,3.68,3.09,2.78,7.48,3.25,2.69,1.87,4.36,3.84,3.63
3.25,0.33,2.7,2.41,2.73,3.32,4.12,2.72,2.41,3.1,8.08,2.52,3.08,2.97,4.16,2.3,2.57,2.26,2.72,5.04,3.35,2.78,3.12,2.39,2.74,4.8,3.18,2.72,3.27,3.4,2.09,2.92,3.13,4.16,3.72,1.82,2.25,3.92,4.26,3.22,3.91,2.94,2.71,7.72,3.25,2.87,1.96,7.91,4.76,3.36
3.65,0.34,2.43,2.38,2.82,3.61,4.23,1.78,2.58,3.55,8.27,3.61,3.19,3.52,3.86,2.49,2.74,2.6,4.19,4.83,3.24,2.95,3.34,2.81,3.39,4.38,3.23,2.92,3.83,3.38,2.13,3.15,3.04,3.79,3.71,1.79,2.41,4.32,4.87,3.38,4.09,3.41,2.94,7.45,4.17,3.63,1.93,5.74,4.94,3.32
3.67,0.33,2.45,2.41,2.8,3.67,4.13,2.74,2.64,3.7,7.87,2.47,3.36,3.03,3.89,2.31,2.76,2.7,2.8,4.58,3.4,3.02,3.28,2.99,3.52,3.85,3.47,2.67,3.16,3.97,2.3,3.37,3.26,3.38,3.6,1.84,2.27,4.2,4.58,3.48,3.25,3.41,3.01,9.36,4.06,3.26,1.99,6.2,4.47,3.01
3.91,0.33,2.64,2.49,2.92,2.98,4.02,3.74,3.16,3.93,8.17,2.37,3.6,3.69,3.97,2.33,3.53,3.24,3.45,3.91,3.88,3.31,3.57,3.59,3.56,3.19,3.55,2.45,3.7,3.95,2.99,3.75,3.38,3.16,3.84,2.44,2.35,3.82,4.45,3.74,2.83,3.66,3.61,4.71,2.95,3.7,2.0,4.59,3.97,2.66
3.44,0.33,2.69,2.71,2.91,2.74,3.8,3.93,3.19,3.27,7.81,1.99,3.47,3.33,3.44,2.79,3.28,2.83,3.41,3.66,3.95,3.33,3.31,3.07,3.16,3.01,3.15,2.43,4.02,4.32,2.66,3.47,3.32,3.09,3.51,2.52,2.36,3.61,4.49,3.56,3.18,3.4,3.47,3.95,2.86,3.83,1.98,3.99,3.48,2.55
3.43,0.33,2.55,2.64,2.75,2.81,3.59,3.53,3.07,3.51,7.59,2.06,3.53,3.26,3.21,2.48,3.26,2.82,4.0,3.17,3.89,3.16,3.32,2.97,2.78,2.91,3.09,2.4,3.96,3.32,2.55,3.34,3.22,3.06,3.69,2.38,2.39,3.37,3.67,3.56,3.29,3.2,3.47,3.0,2.6,3.32,2.16,3.36,3.17,2.69
3.33,0.33,2.63,2.62,2.74,2.8,3.7,3.13,2.9,3.79,6.49,2.03,3.75,3.04,3.02,3.06,3.11,2.59,3.69,3.02,3.81,3.43,2.97,2.62,3.37,2.98,2.92,2.57,3.78,3.32,2.45,3.1,3.09,3.11,3.4,2.5,2.22,3.02,3.57,3.39,3.07,2.95,3.44,2.94,2.52,3.24,2.18,2.96,3.06,2.71
3.37,0.33,2.28,2.45,2.69,2.67,3.27,3.03,2.63,3.48,7.01,1.97,3.48,2.83,2.81,2.66,3.08,2.38,3.53,2.89,3.53,2.9,2.78,2.44,2.87,2.96,2.78,2.36,3.3,2.82,2.34,2.91,2.83,2.97,3.43,2.4,2.26,2.93,3.12,3.27,2.98,2.81,3.21,2.89,2.54,3.18,2.11,2.94,2.95,2.63
3.16,0.33,2.5,2.63,2.9,2.57,3.31,3.22,2.64,3.25,5.46,2.12,3.26,2.91,2.94,3.18,3.22,2.59,3.66,2.9,3.94,2.84,2.94,2.61,2.96,2.92,2.78,2.66,3.68,3.27,2.54,3.11,3.01,3.01,3.44,2.44,2.16,3.14,3.34,3.09,3.12,3.07,3.18,3.49,2.57,3.14,2.06,2.94,3.15,2.89
3.38,0.33,2.0,2.6,2.86,2.78,4.32,3.33,2.9,3.44,5.69,1.89,3.43,3.14,3.55,2.54,3.24,2.78,3.31,3.8,3.92,2.82,2.98,2.89,2.91,3.16,3.19,3.29,3.42,3.44,3.04,3.64,3.24,3.24,4.28,2.26,2.18,3.56,4.09,3.48,3.36,3.29,3.11,3.74,3.03,3.36,1.85,3.32,3.86,3.07
3.88,0.33,3.23,2.65,2.97,3.02,5.51,3.52,2.89,4.62,5.72,2.24,3.4,3.74,4.28,2.48,3.88,3.23,3.67,4.98,4.42,3.17,3.82,3.41,3.9,4.11,3.94,3.73,3.86,4.26,2.71,4.08,3.65,4.05,4.27,2.54,2.74,4.18,6.59,4.2,4.31,3.8,3.38,5.61,3.85,3.73,2.52,1.94,5.43,3.77
3.98,0.33,2.92,2.44,2.84,3.59,4.61,3.52,2.81,4.25,5.62,2.39,3.18,3.42,3.6,2.37,3.38,2.77,4.67,5.85,4.81,2.77,3.45,2.97,3.81,4.47,3.49,3.55,4.46,4.18,2.36,3.73,3.57,4.23,4.23,2.1,2.83,4.69,6.17,3.93,4.31,3.39,3.18,2.71,3.99,3.43,2.56,4.77,5.65,2.83
3.83,0.33,3.03,2.49,2.81,3.35,5.37,3.15,2.57,4.06,5.46,2.92,3.28,3.4,3.52,2.74,2.97,2.69,4.77,5.41,4.77,2.6,3.48,2.89,3.63,4.44,3.37,3.74,4.55,4.69,1.86,3.49,3.74,4.57,3.82,1.8,2.51,3.95,7.73,4.25,4.42,3.34,3.08,2.89,3.78,3.29,2.37,5.73,5.71,3.05
3.96,0.33,3.07,2.71,2.77,3.46,4.04,2.98,2.76,4.17,5.18,2.54,3.25,3.55,3.44,2.44,3.05,2.89,4.2,5.27,4.72,2.79,3.39,3.0,3.79,4.53,3.51,4.75,4.4,4.3,2.1,3.25,3.53,4.45,3.87,2.0,2.61,4.42,6.64,4.18,4.69,3.39,3.19,2.3,4.38,3.41,2.35,7.55,6.22,2.86
4.11,0.33,3.1,2.72,3.08,3.14,3.94,3.56,2.8,4.56,5.17,2.46,3.37,3.47,3.81,2.79,3.25,2.74,4.31,5.01,4.37,2.96,3.41,3.42,3.88,4.01,6.24,4.49,4.37,3.84,2.23,3.78,3.52,3.66,3.76,2.39,2.52,4.32,7.37,4.02,3.61,3.91,3.43,2.2,3.8,3.53,2.89,4.95,5.25,2.49
3.78,0.32,2.57,2.78,2.84,3.55,3.6,3.19,2.64,3.67,5.23,2.39,3.0,3.1,3.17,2.71,3.1,2.62,3.96,3.69,3.79,2.76,2.84,2.96,3.37,3.21,4.28,3.72,3.66,3.4,2.36,3.44,2.88,3.19,3.04,2.42,2.65,3.46,4.78,3.49,3.19,3.38,3.24,1.53,2.98,3.16,2.76,3.66,3.99,2.51
3.55,0.33,2.57,2.82,3.05,2.9,3.2,2.94,2.6,3.73,5.13,2.33,3.25,3.14,2.9,2.7,3.28,2.8,3.28,3.33,3.69,2.87,2.96,3.07,2.89,2.9,3.96,3.01,3.74,3.49,2.48,3.11,2.67,2.88,3.48,2.65,2.54,3.03,4.75,3.35,2.93,3.03,3.48,1.85,2.74,3.4,2.98,4.46,3.31,2.46
3.38,0.33,2.69,2.92,2.86,3.17,4.1,3.45,2.9,3.92,4.91,2.68,3.08,3.22,3.55,2.92,3.28,2.88,3.14,3.28,3.75,2.92,3.43,3.22,3.14,3.67,3.96,2.76,3.76,3.54,2.17,3.39,3.29,3.38,3.25,2.79,2.94,3.39,3.93,3.49,3.58,3.57,3.58,2.85,2.59,3.55,2.56,3.52,3.41,3.04
3.2,1.77,2.69,2.77,2.83,3.43,3.51,3.29,2.73,3.22,4.33,2.45,3.06,2.92,2.84,2.67,3.25,2.66,4.04,3.08,3.58,2.77,2.69,2.72,2.76,3.09,2.73,3.16,3.79,3.37,2.12,3.07,3.24,2.64,3.48,2.67,2.77,3.27,3.5,3.33,2.96,1.81,3.21,2.87,2.86,3.41,2.52,3.23,2.99,3.21
3.16,1.57,2.95,2.79,3.09,3.17,3.71,3.41,3.66,3.97,4.32,2.32,3.39,3.24,3.28,2.8,3.37,3.19,3.85,3.41,3.68,3.03,2.83,3.12,2.81,3.86,2.92,3.24,4.04,3.45,2.42,3.34,3.49,3.67,3.47,2.68,2.7,3.56,3.67,3.71,3.32,3.24,3.26,3.11,2.99,3.52,2.35,3.52,3.23,3.3
3.67,1.62,2.87,2.55,2.98,3.57,3.16,3.19,3.3,3.69,4.54,2.53,3.55,3.32,3.54,3.04,3.42,2.94,3.81,3.32,4.04,2.88,3.09,3.2,3.34,3.98,3.17,3.6,3.98,3.53,2.19,3.34,3.49,3.71,3.62,2.75,2.69,3.52,4.0,3.92,3.67,3.48,3.27,3.29,2.98,3.41,2.46,3.73,3.42,3.21
3.6,1.62,2.72,2.79,2.62,3.76,3.8,2.98,3.18,3.16,4.64,2.65,3.28,2.98,3.36,2.97,3.32,2.65,3.2,3.88,4.33,2.58,2.66,3.03,3.76,3.41,2.95,3.94,3.37,3.76,2.1,3.04,3.71,3.06,3.56,2.55,2.78,3.46,4.59,4.27,3.23,3.18,2.98,2.88,3.32,3.81,2.34,3.11,3.3,3.05
3.84,1.67,2.53,2.68,2.57,3.62,4.36,3.0,2.86,4.54,4.66,2.78,2.86,2.9,4.07,3.05,3.56,2.64,2.92,4.05,4.69,2.56,3.37,2.9,3.7,4.34,3.94,3.99,3.61,3.32,1.7,3.21,3.33,3.88,3.38,2.35,3.08,3.7,6.3,4.01,3.74,2.85,2.84,2.71,3.83,3.56,2.55,3.46,4.3,3.73
4.26,1.41,2.77,2.63,2.57,3.82,5.4,2.73,2.64,3.81,4.94,2.98,3.33,3.06,3.6,3.46,3.06,2.77,2.16,4.38,5.3,2.55,3.16,2.73,3.38,3.29,3.85,3.23,3.15,3.7,1.86,3.08,3.26,3.24,3.38,2.19,2.74,4.09,5.4,4.05,4.67,2.81,2.59,5.18,4.33,4.21,2.38,2.97,4.48,2.87
3.91,1.54,2.72,2.43,2.45,3.82,5.37,3.0,2.56,3.81,5.22,3.8,2.62,2.72,3.45,4.14,3.04,2.43,2.09,4.77,4.52,2.77,2.99,2.99,5.03,4.66,3.38,3.5,3.2,3.73,1.71,3.01,3.6,3.75,3.53,1.67,2.96,3.74,6.27,4.2,4.93,3.57,2.66,4.24,4.77,3.45,2.2,3.16,5.28,2.97
3.92,1.6,2.66,2.37,2.53,3.47,5.09,2.98,2.54,3.51,5.34,3.68,2.93,2.95,3.84,4.66,2.72,2.26,1.17,5.01,5.85,2.59,3.21,2.71,4.61,3.56,3.5,4.04,2.94,3.55,1.83,3.13,3.09,3.17,4.18,1.85,2.81,4.16,6.17,3.61,4.28,2.9,2.66,3.62,4.83,3.68,2.3,3.48,4.31,3.07
3.62,1.6,2.58,2.06,2.23,3.66,5.09,2.69,2.33,3.68,5.33,2.71,2.65,2.28,3.34,2.39,2.32,1.97,0.88,4.27,4.81,2.55,2.98,2.64,4.08,3.83,3.28,3.5,2.67,3.48,1.97,2.76,3.35,3.39,2.83,1.6,2.81,3.14,5.39,3.72,4.31,3.79,2.72,4.81,1.54,3.2,2.33,3.45,4.73,2.61
3.64,1.61,2.07,2.21,2.48,2.83,4.37,2.42,2.35,3.13,5.41,2.19,2.38,2.27,2.56,2.74,2.74,2.02,1.2,3.2,3.55,2.56,2.45,2.49,3.16,3.31,3.22,2.88,2.33,2.79,1.83,2.66,3.11,3.29,3.48,1.69,2.72,3.38,3.98,3.37,3.23,2.59,2.73,3.91,3.68,3.62,2.89,2.94,3.39,2.19
3.26,1.6,2.08,2.36,2.22,2.81,4.7,2.82,2.45,3.43,5.05,2.25,2.8,3.07,2.83,2.41,3.16,2.38,2.54,2.99,3.58,2.7,2.74,2.81,2.64,2.98,2.65,2.53,3.41,2.74,1.7,2.78,2.96,2.98,3.35,2.0,2.71,3.28,3.36,3.58,2.97,2.89,3.04,3.24,2.69,3.15,3.14,2.78,2.96,2.14
2.87,1.62,2.34,2.3,2.39,2.98,4.63,2.75,2.54,3.31,5.52,2.22,2.82,3.05,2.86,2.5,2.99,2.35,3.51,2.78,3.14,2.93,2.78,2.54,2.43,3.34,2.38,2.85,3.54,2.78,2.03,2.63,2.82,2.67,3.48,2.67,2.49,3.19,3.16,3.31,2.91,2.52,3.2,3.66,2.39,3.15,2.64,3.05,2.8,2.99
2.59,1.71,2.21,2.39,1.94,2.63,4.42,2.69,2.42,3.01,4.85,2.06,2.47,2.63,2.63,2.17,2.8,2.23,3.21,2.65,2.93,2.81,2.43,2.35,2.39,3.51,2.38,2.8,3.49,3.12,1.82,2.55,2.85,3.11,4.18,2.84,2.4,3.36,3.04,3.08,2.82,2.46,3.02,3.46,2.45,2.97,2.4,2.8,2.63,2.88
2.6,1.67,2.39,2.34,1.95,2.7,4.73,2.45,2.39,2.54,5.14,2.29,2.28,2.35,2.44,2.18,2.72,2.05,3.5,2.47,3.02,2.83,2.38,2.24,2.28,3.31,2.2,3.15,3.44,3.09,1.14,2.44,2.77,2.78,3.76,2.72,2.55,2.92,2.71,3.17,2.8,2.7,3.05,4.06,2.4,2.88,2.46,2.56,2.61,2.75
2.45,1.66,1.82,2.29,1.89,2.56,4.88,2.47,2.71,3.45,5.42,2.23,2.33,2.95,2.78,2.06,2.95,2.14,2.43,2.68,2.98,2.92,2.49,2.37,2.48,3.1,2.47,2.62,3.19,3.11,1.5,2.31,2.79,2.66,3.91,2.72,2.41,2.89,2.76,3.07,2.8,2.36,3.15,3.33,2.35,2.81,2.44,2.87,2.75,2.84
2.9,1.79,1.78,2.41,2.12,3.04,4.74,3.11,2.92,2.84,4.52,2.21,2.4,2.81,2.97,2.18,3.14,2.12,3.41,2.82,3.22,2.46,2.27,2.39,2.83,2.94,2.18,2.35,2.81,3.25,1.53,2.3,3.06,2.43,3.95,2.57,2.38,2.94,3.25,3.04,2.64,2.69,3.19,2.48,2.68,2.78,2.21,2.63,2.64,2.63
3.34,1.7,2.0,2.36,2.03,2.41,5.28,3.2,2.53,3.17,4.38,2.28,3.16,3.11,3.1,2.25,3.32,2.1,2.72,3.51,4.71,2.49,2.56,2.46,3.08,2.99,2.68,2.86,2.93,3.21,1.34,2.42,3.06,2.45,4.12,2.46,2.77,3.21,4.2,3.47,2.99,2.68,2.72,2.55,3.56,3.36,1.92,2.99,2.81,2.8
3.58,1.6,2.17,2.25,1.84,2.96,5.11,3.38,2.75,3.16,5.98,2.43,3.14,3.63,3.39,3.09,3.18,2.04,5.81,3.88,4.58,2.43,2.91,2.5,3.99,3.38,2.69,2.92,4.4,3.6,1.33,2.4,3.15,2.45,4.19,2.35,2.69,3.73,5.53,3.74,3.84,3.25,2.81,3.41,3.37,3.46,1.93,2.83,4.15,2.64
3.83,1.63,2.2,2.33,2.18,3.7,5.54,1.73,2.5,2.88,6.12,2.89,3.45,3.26,3.55,2.19,2.92,2.0,5.99,3.34,4.64,2.41,2.79,2.34,4.06,2.92,3.42,3.46,4.56,4.02,1.5,2.2,3.48,2.25,4.63,2.33,3.16,4.04,6.46,3.71,3.86,3.1,2.63,2.56,3.2,3.0,1.79,3.4,3.81,2.49
3.2,1.57,2.36,1.91,2.25,3.84,5.3,2.48,2.47,2.81,4.25,2.72,3.02,3.18,3.48,2.52,2.8,1.9,5.13,3.25,4.57,2.5,2.84,2.21,3.97,2.06,3.11,3.06,3.7,3.72,1.11,2.12,3.24,1.95,4.87,2.39,2.82,3.97,5.85,3.43,3.93,2.64,2.62,2.4,3.04,3.08,1.98,3.13,3.71,2.67
3.5,1.64,2.44,2.01,2.06,2.89,4.8,2.85,2.75,3.49,5.78,2.79,3.58,3.57,3.41,2.8,2.51,2.05,3.54,3.95,4.78,2.61,2.63,2.43,3.85,3.01,2.97,3.23,3.33,3.4,1.4,2.32,3.59,2.49,3.85,1.93,2.96,3.34,5.28,3.63,3.51,2.72,2.74,3.16,3.16,2.22,2.06,3.46,3.37,2.67
3.52,1.63,2.24,2.19,2.14,2.41,4.27,2.81,2.75,3.0,5.9,1.83,2.94,2.96,2.84,2.82,2.61,2.23,2.72,3.44,4.13,2.54,2.43,2.77,3.21,2.68,2.8,2.64,2.89,3.74,1.42,2.53,2.98,2.31,4.01,1.97,2.41,3.22,4.54,3.04,2.73,2.69,2.75,2.18,2.89,3.4,2.02,3.48,2.99,2.67
2.84,1.66,2.19,2.28,2.15,2.56,4.13,2.89,3.05,2.8,5.43,2.14,2.32,2.67,2.63,2.38,2.45,2.44,3.03,2.71,3.14,2.56,2.5,2.71,2.55,2.65,2.43,2.62,3.44,3.45,1.58,2.61,2.77,2.25,3.34,2.24,2.36,2.63,3.13,3.16,2.62,2.68,2.97,2.46,2.19,2.57,2.14,2.26,2.48,2.67
2.83,1.67,1.86,2.46,1.9,2.6,4.6,3.01,3.32,2.95,4.65,1.98,2.53,2.82,2.73,2.44,2.87,2.78,3.08,2.68,3.35,2.81,2.65,3.23,2.57,2.72,2.34,2.2,3.6,3.4,1.44,2.98,2.95,2.55,3.46,2.27,1.71,2.95,3.34,3.27,2.68,3.01,3.06,2.43,2.38,3.1,2.07,3.04,2.75,2.67
3.13,1.56,2.08,2.52,2.29,2.08,5.55,3.27,3.84,3.71,5.6,1.98,2.66,3.11,2.62,2.66,3.19,3.58,3.95,3.82,3.48,3.14,2.9,3.49,2.52,2.83,2.66,2.4,4.14,4.02,1.53,3.57,3.65,2.94,3.81,2.46,2.06,3.2,3.28,4.01,2.54,4.5,3.2,2.27,2.93,3.88,1.98,2.6,2.87,2.14
3.35,1.6,2.36,2.52,2.25,2.18,5.37,3.43,3.6,3.36,5.49,2.08,3.73,3.32,3.03,2.66,3.05,3.24,3.89,3.23,3.17,2.91,2.78,3.07,2.59,2.98,2.45,2.61,3.99,3.47,1.69,3.38,3.66,2.82,3.8,2.6,1.96,3.16,3.92,3.77,2.79,4.56,3.13,2.1,2.82,3.36,2.12,3.54,2.78,2.45
3.15,1.6,1.97,2.57,2.42,2.16,4.66,4.2,3.83,3.82,5.53,2.12,3.49,3.06,2.82,2.7,3.29,3.29,4.01,3.7,3.32,3.11,2.79,3.36,2.61,2.52,2.71,2.45,4.06,3.23,1.4,3.5,3.6,2.45,3.9,2.58,2.19,3.32,3.85,3.94,2.84,3.29,3.05,2.34,2.83,3.58,1.99,3.36,2.88,3.07
3.27,1.58,2.05,2.5,2.22,2.94,5.22,3.75,3.97,3.51,5.74,2.21,2.93,2.9,3.13,3.24,3.5,3.06,5.34,4.01,3.97,2.8,2.73,3.37,3.2,3.18,3.04,2.9,4.09,3.78,1.18,3.4,3.95,2.62,4.06,2.53,2.27,4.25,3.53,3.96,2.63,3.28,3.13,1.98,3.1,3.38,2.23,3.21,3.48,2.32
3.57,1.56,2.46,2.59,2.14,2.5,4.94,3.18,3.39,3.74,6.32,2.28,2.83,2.56,4.19,3.24,3.83,2.65,5.61,4.35,4.37,2.69,2.82,2.7,3.86,2.81,3.41,3.17,4.17,4.55,1.22,3.18,3.69,2.64,4.87,2.61,2.4,3.9,5.06,3.96,2.92,3.72,2.81,1.93,2.66,4.0,2.3,3.54,3.43,2.12
3.86,1.57,2.57,2.82,2.56,2.4,5.03,3.44,3.31,3.68,6.27,3.39,3.12,3.1,4.61,3.53,3.08,2.72,5.51,5.63,6.05,2.64,2.88,2.9,4.51,3.05,3.5,3.36,4.64,3.88,1.4,3.17,3.75,2.78,8.17,2.4,2.11,4.62,6.42,3.49,3.96,3.67,2.91,2.12,3.01,4.93,3.39,3.49,5.09,2.4
4.04,1.54,2.94,2.76,2.42,2.3,4.75,4.22,3.57,4.22,6.34,5.26,3.69,3.3,7.45,3.24,3.07,3.01,5.04,6.04,5.53,2.87,4.14,3.1,4.82,3.6,3.3,3.48,5.03,3.93,1.6,3.13,3.75,2.9,4.53,2.51,3.89,5.13,7.46,4.01,4.74,3.48,3.04,2.15,3.68,4.52,3.57,3.85,4.8,2.44
4.11,1.54,3.58,2.59,2.77,2.29,4.42,3.8,3.54,4.0,6.05,2.48,3.25,2.7,7.96,2.88,3.04,2.69,4.35,5.85,5.68,2.98,3.32,2.89,5.13,4.13,4.83,3.83,4.47,3.71,2.07,2.91,3.94,3.44,5.58,2.65,3.15,4.86,6.51,3.87,6.37,3.7,2.97,2.08,2.69,4.42,3.21,4.43,4.98,2.92
3.62,1.57,3.02,2.29,2.34,2.49,4.65,3.03,3.03,3.31,6.0,2.72,2.8,2.04,4.28,2.63,3.16,2.26,3.91,5.61,5.36,2.31,2.91,2.59,4.14,3.24,2.85,3.26,3.86,3.69,1.66,2.61,3.68,2.54,6.12,2.53,2.98,4.39,5.94,3.53,3.4,3.4,2.87,2.22,2.36,3.4,2.71,3.74,4.11,2.84
3.44,1.55,2.66,2.46,2.37,2.58,4.46,2.94,3.28,3.17,6.33,2.11,2.65,2.49,3.12,2.91,2.94,2.31,3.93,3.65,3.6,2.49,2.65,2.67,3.47,3.08,2.93,2.96,3.19,3.25,1.88,2.86,3.22,2.49,5.06,1.99,2.24,3.85,3.91,3.26,2.87,2.92,2.73,1.66,2.18,3.34,1.94,3.57,3.17,1.91
3.61,1.6,3.32,3.04,3.0,3.13,4.6,3.66,3.9,3.71,6.3,2.1,3.25,3.16,3.46,3.38,3.59,3.24,3.64,3.75,3.72,3.07,3.19,3.14,3.2,3.04,3.11,3.46,4.15,3.83,2.68,3.03,3.48,3.1,4.95,2.44,2.41,3.92,4.04,3.76,3.37,3.71,3.49,3.32,2.49,3.69,2.5,3.25,3.61,2.18
4.07,1.59,4.14,3.68,3.81,4.91,6.15,4.96,4.8,4.65,6.67,2.3,4.05,3.83,4.09,3.77,4.4,4.3,4.34,4.65,4.82,3.73,3.78,4.34,4.03,3.46,3.99,3.97,5.01,4.82,3.6,4.38,4.26,3.8,4.79,2.84,2.95,4.24,5.2,4.6,3.98,6.64,4.21,2.39,2.67,5.13,3.14,3.53,4.12,2.55
4.44,1.88,4.21,4.18,4.14,4.2,5.82,5.66,4.61,4.8,6.16,2.37,3.79,4.08,3.98,4.37,4.17,3.84,4.96,4.35,4.24,3.98,4.51,4.25,4.07,3.73,4.42,4.13,4.93,4.7,3.85,4.45,4.36,4.22,5.24,3.52,2.95,4.22,4.85,4.2,4.1,4.1,4.7,2.65,1.57,5.04,3.45,3.61,4.13,4.22
4.02,1.8,2.85,3.16,3.21,3.01,6.0,4.48,4.56,4.15,7.73,2.13,3.3,3.2,3.66,3.67,3.47,3.46,3.52,3.83,4.12,3.28,3.48,3.48,3.51,3.5,3.75,3.37,4.42,4.21,2.39,3.65,4.34,3.59,5.41,3.68,2.35,4.12,4.26,3.97,3.95,3.73,4.16,2.76,2.16,3.96,2.62,3.54,3.54,3.61
3.2,1.84,2.22,2.46,2.25,2.32,4.82,3.69,4.04,3.31,6.5,1.85,2.43,2.31,3.05,2.67,3.41,2.44,4.26,3.24,2.97,2.66,2.7,2.82,2.79,2.7,3.02,2.96,3.99,3.99,1.38,2.85,3.51,2.43,5.01,3.09,1.92,3.48,3.16,2.95,2.78,5.15,3.01,2.69,2.26,3.49,1.89,2.17,2.89,3.19
3.16,1.81,2.61,2.48,2.3,2.52,4.94,2.88,3.62,3.08,7.21,2.08,2.48,2.07,2.83,2.38,3.62,2.37,3.43,3.21,3.26,2.56,2.41,2.89,3.12,3.09,2.28,2.81,3.15,3.15,1.91,2.69,3.4,2.5,5.79,2.22,1.95,3.48,3.46,3.25,3.02,2.51,2.38,2.15,2.39,3.28,2.7,2.88,3.11,2.48
3.54,1.78,3.18,2.59,2.55,2.42,4.81,3.17,3.09,3.2,6.47,2.98,3.06,2.32,3.5,2.85,3.3,2.41,4.69,4.33,2.86,2.6,2.64,2.43,3.96,2.28,3.11,2.72,3.66,3.86,2.04,2.64,3.83,2.95,5.96,2.22,3.02,4.3,4.81,3.54,3.75,2.96,2.5,1.93,2.77,5.12,2.53,3.02,3.49,1.64
3.86,1.7,3.32,2.77,2.67,2.57,4.76,3.42,3.5,4.37,5.46,2.83,3.11,2.35,4.75,3.02,3.69,2.64,4.53,4.34,5.61,2.69,3.49,2.95,5.32,3.91,4.09,3.64,4.34,4.21,2.13,2.87,3.84,3.17,6.45,2.66,3.0,4.9,6.42,3.78,4.58,2.82,3.01,2.35,2.58,3.77,2.28,3.9,5.09,2.85
4.1,1.74,2.98,2.78,3.72,2.67,4.55,3.35,3.41,3.95,6.59,2.16,2.81,2.54,6.62,2.88,3.68,2.58,4.34,5.81,5.29,2.54,3.92,2.87,4.62,3.63,4.96,3.87,4.28,4.29,2.13,2.59,3.9,3.14,7.16,3.23,3.45,4.32,7.53,3.74,4.4,2.71,3.23,2.83,2.41,4.27,2.53,1.87,3.71,2.94
3.88,1.73,3.16,3.28,2.79,2.41,5.33,3.17,3.31,3.89,6.35,2.5,3.37,2.87,5.86,3.09,3.62,2.5,4.43,6.05,4.91,2.63,2.97,2.88,4.8,3.96,5.51,3.99,4.45,4.41,2.18,2.79,3.96,3.36,5.51,2.66,4.01,4.95,6.64,3.86,4.26,2.51,3.11,3.02,2.33,4.47,2.41,3.9,5.12,2.9
3.83,1.79,3.74,2.87,2.74,2.66,5.29,1.44,3.82,5.29,6.11,2.17,3.78,3.15,5.39,3.47,3.57,3.02,3.79,5.77,5.0,2.87,4.02,3.25,5.08,3.76,7.03,4.12,4.02,4.34,2.62,2.92,4.13,3.53,4.91,2.58,3.12,4.22,5.71,4.03,4.03,2.78,3.21,2.81,2.29,4.69,2.44,3.53,4.63,3.35
4.17,1.78,3.8,3.61,3.18,2.71,4.96,5.23,4.64,4.05,6.09,2.01,4.0,3.64,4.98,3.67,3.83,3.44,4.11,4.69,4.52,3.12,4.26,3.86,4.66,4.47,5.76,3.46,3.95,4.84,2.59,3.68,3.95,3.73,5.09,3.04,2.48,4.6,4.53,4.15,3.43,3.93,3.57,2.64,2.34,4.71,2.27,3.62,3.91,3.25
3.97,1.82,3.48,3.44,3.3,3.59,3.87,5.78,4.45,4.01,6.22,2.07,3.72,3.21,4.85,4.28,4.28,3.75,2.72,4.22,4.14,3.51,4.52,3.83,3.92,3.15,6.3,3.71,4.02,4.49,2.85,14.26,4.09,4.01,4.66,3.19,2.73,4.2,4.46,4.13,3.68,4.37,3.86,3.07,2.77,4.11,2.82,3.07,3.75,3.61
2.6,1.82,2.53,3.19,2.65,2.57,5.55,2.43,3.85,3.65,6.23,1.79,2.92,2.79,4.45,3.6,4.07,2.86,3.1,3.57,3.09,3.19,4.06,3.31,3.13,2.51,5.31,2.84,3.72,3.77,2.31,3.33,3.72,3.01,4.35,3.33,2.42,3.84,4.02,3.72,3.46,3.66,3.97,3.46,2.64,3.69,2.39,3.11,3.32,2.93
3.13,1.75,2.47,3.09,2.35,2.97,5.23,2.69,3.91,3.42,6.4,1.89,2.82,2.5,3.05,2.94,3.22,2.82,3.25,3.16,3.72,2.94,2.9,3.12,2.96,2.85,3.0,3.07,3.77,4.33,2.24,2.06,3.65,2.93,4.82,2.86,2.53,3.68,3.93,3.37,3.22,3.47,3.03,3.25,2.59,3.97,2.41,3.36,3.17,3.34
2.88,1.72,2.29,2.85,2.12,2.56,5.24,3.04,3.29,3.18,5.75,1.94,2.9,2.49,3.33,2.75,3.09,2.25,3.42,3.4,2.97,2.89,2.9,2.99,3.01,2.44,2.7,3.0,3.81,3.38,2.04,3.32,3.47,2.83,4.27,2.61,2.31,3.64,4.03,3.0,3.66,3.84,2.61,3.68,2.66,3.63,2.43,3.21,3.0,3.51
2.97,1.73,2.58,3.13,2.38,2.45,4.87,2.74,3.25,3.85,6.25,1.81,2.86,2.37,3.42,2.86,3.23,2.53,4.26,3.39,3.64,2.97,3.0,3.07,2.97,2.54,2.98,3.29,4.22,3.53,2.2,2.01,3.49,2.91,4.87,2.38,2.89,5.23,4.05,3.29,2.6,2.61,2.65,3.23,2.92,3.25,2.28,2.69,3.33,3.4
3.11,1.71,2.81,2.96,2.33,2.64,5.89,2.63,3.93,3.63,5.21,1.96,2.9,2.43,3.33,2.87,3.99,2.3,3.16,4.37,3.98,2.78,2.95,3.18,3.72,2.31,3.2,3.0,3.35,3.54,2.19,3.27,3.91,2.86,4.89,2.36,2.78,4.06,4.26,3.58,4.37,6.62,2.68,2.89,2.74,3.92,2.6,3.6,3.64,1.28
3.38,1.68,2.93,3.0,2.49,2.46,5.08,1.79,3.2,3.55,5.21,1.94,3.64,2.8,4.12,3.17,3.33,2.36,2.53,5.54,5.44,2.69,3.28,2.88,4.47,2.23,3.73,3.25,3.36,3.03,2.04,3.11,3.66,2.74,5.08,2.46,2.78,3.97,4.68,3.81,4.42,3.4,2.65,2.62,2.82,4.37,2.37,3.43,3.89,1.29
3.56,1.67,2.6,2.31,2.34,2.43,4.74,4.35,2.82,3.01,4.86,2.18,2.16,1.51,1.99,3.42,3.33,2.2,3.67,5.89,6.87,2.5,2.97,2.86,4.87,2.08,2.98,3.37,3.87,3.58,1.76,2.84,3.83,2.34,4.8,2.51,3.23,4.94,4.69,3.65,2.9,3.1,2.36,2.73,2.69,4.32,2.6,2.91,3.68,2.51
3.68,1.64,2.85,3.23,2.39,2.09,5.14,2.93,3.31,3.57,4.77,2.55,3.16,2.77,4.05,3.86,3.57,2.45,5.39,7.57,7.56,2.92,3.31,3.07,5.12,2.51,3.65,3.75,4.63,3.89,1.94,2.85,3.95,2.57,5.16,2.38,3.87,6.23,4.82,3.96,4.27,3.12,2.62,2.64,2.6,4.96,2.16,2.76,4.07,2.74
3.5,1.71,2.85,2.38,2.46,2.26,4.87,2.79,3.22,3.44,5.06,2.14,2.49,2.38,4.03,2.92,2.85,2.05,3.21,5.83,5.75,2.79,3.06,2.67,4.61,1.88,3.01,4.43,3.8,3.8,1.86,2.44,3.43,2.49,4.7,2.61,3.58,5.1,4.66,3.46,4.68,2.77,2.35,3.48,2.34,5.14,2.2,2.43,4.23,2.86
3.24,1.71,2.77,1.88,1.98,0.63,4.69,3.9,3.13,3.37,5.12,2.38,2.24,2.58,4.0,2.67,3.58,2.01,2.69,13.58,6.11,2.69,2.78,2.65,4.5,2.22,2.9,3.79,3.34,5.83,1.64,2.56,3.2,2.11,5.54,2.73,2.93,4.73,4.3,3.35,3.91,2.42,2.09,3.37,2.26,4.86,2.37,2.58,3.76,2.48
3.5,1.73,2.62,2.93,2.22,2.24,4.31,3.75,3.51,3.08,4.95,1.95,2.43,2.47,4.98,2.94,2.94,2.13,3.37,4.15,4.46,2.61,2.74,2.91,4.06,2.32,3.03,2.48,3.22,4.08,1.75,2.83,3.46,3.05,6.02,2.16,2.72,3.73,4.07,3.4,2.93,3.06,2.37,2.94,1.99,3.8,2.46,3.22,3.18,2.97
3.17,1.74,2.54,3.03,2.49,2.18,4.54,3.83,3.76,3.24,5.14,1.99,2.65,2.57,3.05,3.19,3.19,2.2,2.66,3.38,3.58,2.86,3.04,3.06,3.12,2.6,2.84,2.6,3.52,4.1,2.17,2.84,3.16,3.1,4.22,2.52,2.61,3.69,4.05,3.3,3.07,3.57,2.59,3.07,2.67,3.31,1.79,3.55,3.1,3.22
3.16,1.73,2.31,3.13,2.75,2.74,5.51,4.1,3.5,4.34,5.17,1.86,2.75,2.43,2.79,2.79,3.08,2.48,3.82,5.7,3.15,3.05,3.04,3.11,2.77,2.44,3.1,2.65,3.88,4.84,2.18,3.04,3.09,3.01,4.32,2.54,2.5,3.47,1.26,3.24,2.69,3.28,2.85,3.58,2.52,3.28,2.38,3.8,2.84,4.14
2.71,1.32,2.17,2.69,2.21,2.25,4.44,3.63,3.33,4.41,5.07,1.76,2.49,2.2,2.75,2.64,3.21,2.31,3.23,2.87,3.16,2.79,2.6,2.62,2.49,2.76,2.9,2.42,3.75,3.39,2.13,2.82,3.11,2.85,4.22,2.41,2.43,3.06,3.95,3.14,3.18,2.73,2.83,2.86,2.85,3.31,2.54,6.68,2.48,3.31
2.9,1.34,2.19,3.4,2.2,2.07,4.74,3.68,3.27,3.45,4.47,1.92,2.59,2.24,3.02,2.52,3.1,2.36,2.92,2.95,2.94,3.02,2.84,2.71,2.89,2.7,3.11,2.54,3.58,3.65,2.08,2.74,3.0,2.8,4.62,5.21,2.68,3.39,3.87,3.09,3.37,2.71,2.61,3.11,3.01,2.97,2.2,3.21,2.76,3.73
2.77,1.33,2.18,2.58,2.06,1.84,4.57,3.33,3.32,3.32,4.53,1.82,2.51,2.17,2.77,2.49,2.79,2.26,2.98,2.85,3.01,2.79,2.7,2.6,2.75,2.98,2.9,2.31,3.22,3.62,1.98,2.75,2.73,2.55,4.43,2.36,2.59,2.95,3.79,2.86,3.25,2.7,2.38,2.76,2.92,3.35,2.35,3.04,2.7,3.1
2.9,1.32,2.39,2.71,2.15,1.14,4.87,3.12,3.11,3.09,4.68,1.94,2.63,2.26,3.03,2.54,3.72,2.46,5.43,3.52,4.0,2.75,2.49,2.71,3.43,2.39,2.94,2.13,3.58,4.02,1.81,2.53,3.25,2.55,7.73,2.35,2.66,3.84,3.05,3.43,3.37,2.66,2.45,2.31,3.07,3.7,2.6,3.08,2.81,3.52
3.15,1.23,3.03,2.83,2.7,2.36,5.19,3.91,3.38,3.08,4.72,1.69,3.62,2.62,3.63,2.97,3.63,2.74,2.26,5.86,6.03,2.83,2.87,2.65,4.56,1.37,3.45,3.07,3.38,6.12,2.06,3.0,3.52,2.94,6.71,2.23,2.84,4.35,5.37,3.85,4.21,2.81,2.86,2.07,3.34,4.96,2.71,2.64,3.7,3.31
4.0,1.27,3.16,2.53,2.6,2.44,4.33,5.1,3.39,4.06,5.45,1.5,3.17,2.47,4.26,3.08,2.89,2.63,4.85,5.81,3.99,2.63,3.23,2.49,4.9,2.2,3.24,3.6,4.47,7.37,2.13,2.62,3.34,2.82,5.81,2.47,3.28,4.35,4.92,3.8,3.72,2.75,2.78,2.62,3.12,5.27,2.36,3.87,4.78,2.81
3.69,1.26,3.26,3.04,2.61,2.35,5.39,4.43,3.38,3.46,5.61,2.72,3.23,2.32,3.54,2.61,3.06,2.54,14.77,5.65,7.07,2.83,3.3,2.83,5.14,2.08,3.25,0.83,6.94,5.01,2.06,2.77,3.21,2.89,5.07,2.19,3.74,4.7,5.41,3.63,4.03,3.25,2.77,4.04,2.63,7.13,2.76,2.96,3.86,3.36
3.62,1.11,3.52,2.98,2.82,2.56,4.52,3.53,3.68,3.15,5.59,2.74,3.73,2.86,3.97,4.77,2.85,2.86,14.77,6.17,5.73,2.79,3.52,3.05,5.25,2.12,2.3,5.42,4.35,7.89,2.34,2.96,3.52,3.34,6.55,1.87,4.05,6.67,3.15,3.85,4.02,4.14,2.98,2.93,2.7,5.6,2.62,3.1,4.12,3.73
4.1,1.41,3.66,2.75,3.02,2.98,5.85,4.01,3.76,12.45,6.23,3.27,3.87,2.85,3.71,3.95,3.46,3.27,8.33,5.35,6.72,2.83,3.72,3.3,5.43,2.3,3.28,3.94,5.64,8.12,2.52,3.37,3.9,3.39,5.21,2.84,3.64,4.72,4.95,4.14,3.5,3.41,2.98,3.23,2.68,7.51,3.11,1.33,3.93,3.94
4.16,1.36,3.3,3.07,3.44,2.46,4.58,2.73,3.86,0.92,6.48,2.94,3.41,2.79,3.49,3.5,3.56,3.03,3.85,4.12,5.43,2.86,2.85,3.29,4.23,2.65,3.14,3.2,3.54,4.99,2.54,3.28,3.74,3.34,4.9,2.65,3.1,4.23,4.79,3.65,3.37,3.6,3.17,2.75,3.42,3.73,2.81,3.5,3.34,3.35
3.74,1.34,3.37,3.48,3.27,3.52,5.81,3.48,3.77,4.19,7.2,3.07,3.55,3.09,3.95,3.6,3.82,3.59,7.89,4.28,4.12,2.95,4.24,3.49,3.87,3.0,3.79,3.01,6.3,5.04,2.64,3.72,3.94,4.22,4.66,3.56,3.44,4.03,4.37,3.86,4.05,4.49,3.44,3.34,3.85,4.25,3.28,3.82,4.02,4.49
3.24,1.32,2.68,2.26,2.65,2.27,5.42,2.78,3.7,2.8,7.4,2.5,3.13,2.57,3.98,3.12,3.42,2.71,4.33,3.3,3.7,2.93,3.42,3.05,3.02,2.91,3.5,3.27,4.09,3.88,2.42,2.86,3.61,3.38,4.48,3.59,3.03,3.33,5.29,3.51,3.67,3.72,2.91,3.54,1.43,3.34,3.38,3.07,2.79,4.03
