GeoFips,GeoName,1987:Q1,1987:Q2,1987:Q3,1987:Q4,1988:Q1,1988:Q2,1988:Q3,1988:Q4,1989:Q1,1989:Q2,1989:Q3,1989:Q4,1990:Q1,1990:Q2,1990:Q3,1990:Q4,1991:Q1,1991:Q2,1991:Q3,1991:Q4,1992:Q1,1992:Q2,1992:Q3,1992:Q4,1993:Q1,1993:Q2,1993:Q3,1993:Q4,1994:Q1,1994:Q2,1994:Q3,1994:Q4,1995:Q1,1995:Q2,1995:Q3,1995:Q4,1996:Q1,1996:Q2,1996:Q3,1996:Q4,1997:Q1,1997:Q2,1997:Q3,1997:Q4,1998:Q1,1998:Q2,1998:Q3,1998:Q4,1999:Q1,1999:Q2,1999:Q3,1999:Q4,2000:Q1,2000:Q2,2000:Q3,2000:Q4,2001:Q1,2001:Q2,2001:Q3,2001:Q4,2002:Q1,2002:Q2,2002:Q3,2002:Q4,2003:Q1,2003:Q2,2003:Q3,2003:Q4,2004:Q1,2004:Q2,2004:Q3,2004:Q4,2005:Q1,2005:Q2,2005:Q3,2005:Q4,2006:Q1,2006:Q2,2006:Q3,2006:Q4,2007:Q1,2007:Q2,2007:Q3,2007:Q4,2008:Q1,2008:Q2,2008:Q3,2008:Q4,2009:Q1,2009:Q2,2009:Q3,2009:Q4,2010:Q1,2010:Q2,2010:Q3,2010:Q4
01000,Alabama,50098.3,50708.1,51874.6,53376.5,53671.6,54892.5,56303.9,57241.3,59153.0,60018.5,60585.3,61647.1,62823.1,64011.2,64723.7,65378.8,66551.3,67411.6,68252.1,69714.9,71225.0,72691.6,73763.4,74337.8,75540.8,75954.9,76216.3,77672.3,78589.2,80182.7,81464.3,82910.8,84176.5,84956.8,85863.7,86578.4,87334.6,89001.0,89827.9,90708.7,92440.9,93008.3,94257.0,95701.2,98261.4,99241.2,100234.2,101354.6,102117.9,102300.8,103594.5,104803.1,105965.0,107747.9,108278.6,110020.2,110932.3,112233.7,112171.2,112239.4,112956.5,114670.2,115567.2,116836.8,118394.1,119047.4,120697.8,122824.7,125151.7,127616.9,129598.7,132057.7,132928.1,135219.7,136638.7,139563.5,142303.8,144474.9,145403.0,146694.4,149754.4,151617.0,152393.7,154005.2,155029.1,162237.3,157640.2,156214.8,154197.4,156433.8,155704.8,156331.7,158488.8,161353.3,163942.9,164490.4
02000,Alaska *,10614.2,10545.7,10540.3,10671.3,10800.9,10936.2,11129.7,11372.8,11557.6,12073.4,12486.7,12287.7,12479.2,12772.1,12960.5,13149.2,13210.8,13243.2,13477.7,13706.5,14075.2,14167.6,14370.9,14440.1,14874.8,14904.1,15009.8,15201.5,15334.4,15409.4,15556.4,15699.3,15842.4,15867.6,15972.2,16068.6,16134.9,16263.6,16473.8,16634.1,16899.7,17272.9,17406.9,17610.6,17992.2,18042.1,18155.3,18434.2,18453.2,18588.1,18641.3,19144.0,19682.4,19971.5,20267.6,20447.2,20812.1,21349.4,21369.3,21617.7,21898.5,22126.8,22427.8,22872.8,22849.6,23262.9,23553.6,23822.4,23961.0,24182.8,24540.0,25032.8,25256.4,25729.8,26276.3,26815.9,27215.7,27658.9,27735.7,28174.5,29260.3,29769.3,29848.8,30166.6,31969.9,33092.9,33049.3,33330.5,32542.0,32944.5,33012.8,33482.4,34475.9,35163.6,35750.7,36107.1
04000,Arizona,50706.5,51781.9,52470.5,54121.8,55027.6,55941.9,57348.7,58293.3,59624.5,60321.7,61119.6,62041.5,62628.2,63505.4,64338.0,64719.3,66072.2,66966.4,67273.2,68606.5,69709.3,71292.1,72024.9,73405.6,75185.6,76437.8,77188.9,78920.7,81083.1,83203.8,85345.0,87190.5,89372.3,90588.6,92806.5,94461.8,96874.8,98708.2,100416.3,101800.6,104913.8,106467.2,108655.7,111153.2,114284.9,116699.3,119072.5,121283.1,121786.2,124191.2,125759.5,127952.2,132026.7,134294.0,136800.0,139174.3,140738.7,142072.4,142610.9,142969.2,145235.7,146608.4,147738.6,150238.1,152730.9,154751.5,157057.2,161095.7,165062.8,168484.0,171665.2,176559.9,180072.7,185498.7,190671.1,194657.2,202630.5,206095.7,209461.4,212863.0,216787.3,219150.7,220790.7,221587.6,221503.9,228935.9,223470.9,220069.8,212847.6,212602.7,210678.2,213005.7,212130.7,215351.6,217482.0,219930.2
05000,Arkansas,27747.7,28110.7,28433.8,29135.1,29672.6,30386.9,30932.7,30966.8,32043.3,32455.8,32871.4,33408.5,33724.8,34273.8,34804.4,35021.8,35664.8,36109.5,36684.0,37518.8,38648.4,39570.2,39983.1,40588.4,40969.6,41352.0,41726.6,42443.2,43135.8,44019.2,44569.3,45284.5,46155.3,46713.2,47343.7,48236.7,48677.6,50138.0,50287.4,50775.2,51510.4,51822.9,52670.3,53918.7,54825.3,55377.9,55938.9,56603.3,57273.4,57415.9,58115.2,58883.7,59627.2,60430.4,61444.8,62042.2,63735.7,64351.5,64152.6,64434.4,64754.3,65408.8,65885.2,66747.0,68305.8,68941.2,70052.6,71325.9,72522.7,73640.8,74687.0,76384.1,76289.1,77471.3,78153.6,80047.4,81387.2,82782.6,83293.2,84103.5,86232.7,87816.4,88290.1,91303.4,90501.1,94763.8,92526.8,91951.0,91752.1,90939.7,90320.6,90956.7,91566.5,93848.3,95430.3,95662.8
06000,California,497378.9,508207.8,514319.1,526546.2,540008.2,552016.2,564373.3,574074.4,590093.0,594023.1,599928.7,616729.6,630882.8,640511.7,647283.6,655817.1,656889.8,662894.6,668733.5,677912.6,688316.6,699891.6,707109.6,712776.0,713631.6,717401.7,718801.6,726224.7,729864.6,739251.8,743952.0,753538.7,766929.0,774629.1,785271.8,791589.0,810281.7,824683.0,832942.5,844681.8,855423.0,867155.1,882549.2,900633.9,931602.2,943625.3,960955.8,977258.9,997604.0,1010126.3,1026838.1,1056162.6,1092962.9,1112732.3,1150264.1,1154241.0,1175565.0,1173015.5,1166764.8,1162120.1,1171907.9,1182603.6,1190704.7,1203907.6,1214766.6,1231040.6,1250937.1,1265672.4,1285348.8,1307329.4,1320853.4,1347157.3,1351103.9,1375257.3,1400078.8,1425095.3,1472105.4,1482976.9,1500342.9,1517442.8,1544257.3,1560236.6,1562585.6,1578149.1,1581045.9,1602953.6,1598349.5,1570829.3,1539232.3,1540030.7,1533392.0,1546619.7,1576815.7,1604032.1,1609613.5,1649528.6
08000,Colorado,53125.8,53764.6,54356.9,55469.8,55815.3,56969.2,58047.1,59100.2,61030.3,61456.7,62355.4,62845.9,64197.0,65297.8,66294.9,66736.9,67879.3,69053.8,70093.0,71505.6,73296.0,75111.1,76443.6,77196.5,79905.1,80977.4,82016.7,83895.9,84913.9,87264.7,88422.6,90754.3,93057.2,94455.9,96489.4,97873.5,100053.1,102243.3,103962.9,105640.5,107229.7,109296.3,111969.3,114390.9,118507.1,120994.8,125157.3,125652.6,128170.5,130339.4,131551.6,136789.4,140434.7,145171.8,149419.1,151217.5,154657.2,154907.4,153611.9,153090.5,152796.5,154303.4,154658.8,156210.5,155050.1,156201.6,159444.3,158925.1,159880.3,162670.8,163776.8,167946.0,169911.1,172856.8,175939.7,178283.5,185285.9,186853.3,189759.5,190889.3,196388.0,200011.9,201162.7,204882.0,205300.7,212552.8,212481.5,209928.1,204041.1,200012.1,198054.8,198572.1,200881.2,203728.5,207252.8,212351.1
09000,Connecticut,67665.8,69161.9,70896.5,72715.1,75154.2,76514.6,78372.3,80367.5,82246.6,83747.9,84973.4,85679.9,85631.3,86850.4,87544.4,87506.3,86798.6,87956.0,88059.2,88816.5,92137.4,93895.0,94610.7,96162.4,95120.9,96935.4,97920.3,99054.1,98714.5,99094.1,100222.9,101938.5,103623.6,104945.4,106275.0,107091.1,108156.4,110144.4,111235.0,112528.2,114709.8,116301.9,117750.2,120379.6,123941.4,125591.7,127665.8,129466.9,130661.5,132360.4,134917.6,136821.0,142658.9,144799.2,147779.9,149629.7,154167.5,155679.4,154210.1,154286.6,152835.4,154689.2,154941.6,155344.8,153214.9,155191.2,157508.6,159839.8,159727.2,162968.3,166682.9,169251.3,169349.8,171923.4,173875.4,178166.5,184291.3,186520.3,187424.7,190616.2,199584.2,201211.7,202038.8,202966.8,213732.3,216723.9,215095.0,213081.8,210719.8,212166.0,211788.9,214260.3,215789.2,220296.5,221531.2,221588.1
10000,Delaware,10770.1,11000.4,11242.1,11546.9,11690.8,12052.3,12512.2,12734.7,13236.3,13528.7,13736.2,13983.0,14152.9,14300.9,14505.9,14521.0,14925.7,15084.6,15311.7,15543.6,15574.8,15832.8,15968.1,16023.5,16121.1,16428.6,16520.4,16763.5,16740.0,17084.9,17222.6,17583.0,17764.6,18018.6,18258.7,18586.3,18836.6,19279.1,19573.4,19935.3,19894.7,19985.1,20507.2,20838.8,21982.5,22400.6,22619.0,22900.8,23808.2,23832.4,24120.4,24705.6,26002.9,26633.2,26843.3,26868.2,28779.6,29240.6,29619.0,29860.0,30224.4,30286.5,30444.3,30485.8,30338.3,30828.7,31408.5,31711.6,31282.4,32109.3,32338.0,33355.5,32371.7,32659.8,32861.5,34400.4,34512.0,35162.8,35247.4,35090.3,35994.7,36391.9,36112.2,36346.9,35738.4,36852.4,36529.6,36731.2,36558.2,36675.3,36629.6,36579.8,36193.7,36619.0,37309.0,37801.5
11000,District of Columbia,12659.2,12837.2,13092.4,13472.3,13695.0,14062.4,14581.4,14818.5,14923.2,15062.4,15165.2,15375.2,15493.6,15731.4,15929.0,16081.8,16231.8,16458.8,16601.6,16868.9,17074.2,17317.3,17480.0,17531.4,18001.0,18018.9,18062.0,18094.9,18200.2,18452.1,18535.2,18643.2,18552.0,18624.6,18567.7,18611.5,19060.1,19135.9,19433.5,19753.9,19916.1,20074.0,20375.1,20608.8,21027.4,21383.5,21782.4,21865.7,22136.3,22357.0,22794.4,23213.2,24340.9,24564.3,24900.1,25505.1,25475.0,25762.2,25801.8,25932.4,25452.1,25802.1,25960.1,26239.3,25659.1,25954.6,26285.0,26655.5,27682.4,28105.9,28481.0,29249.3,29163.0,29713.0,30087.6,30558.0,30964.9,31486.6,31828.4,32146.3,33273.2,33832.7,34431.4,34845.3,34543.8,35534.4,35416.7,35175.1,35454.6,35504.6,35467.3,35733.7,37242.4,37978.8,38486.4,39142.0
12000,Florida,189583.8,193057.4,197552.8,203478.3,208647.6,212602.2,219452.3,224700.6,233730.4,238463.3,243099.6,248046.5,252911.5,256679.7,259872.1,260940.9,264660.3,267658.6,269488.1,273589.3,277100.4,281886.7,285982.7,291391.5,296686.6,300211.3,302263.5,305446.7,309264.5,315518.8,319322.2,325425.0,333705.9,338532.9,343558.1,348695.7,354915.9,361183.1,365621.2,370538.9,377141.8,381900.0,388680.2,394994.7,406784.7,414756.1,420598.8,424746.5,428516.9,432716.2,438688.5,443800.1,460076.0,466519.1,475356.3,484400.8,493228.4,498291.3,498801.5,499020.4,505526.9,511728.7,516224.1,523675.6,528488.2,532783.9,543326.1,556867.1,567454.8,581082.6,591701.5,607773.1,617325.8,631071.3,644804.6,657209.3,677753.4,688997.0,693665.3,701608.9,709292.6,720357.3,723604.2,725682.4,722493.4,743083.7,726229.2,712173.8,688709.2,687078.6,680194.8,687948.9,711849.4,726970.7,736954.5,746986.0
13000,Georgia,89356.9,90766.5,92986.4,95595.8,97272.5,99653.8,101990.1,104006.6,106475.1,107434.4,109223.7,110982.3,113762.5,115614.3,117577.1,117557.9,118927.9,121151.6,122682.5,125121.2,128394.6,131033.8,132975.5,135173.7,137093.5,139447.0,140460.7,143224.9,145925.1,149898.6,151906.7,155480.1,159176.7,160769.7,163710.1,167397.7,170365.7,175251.2,177715.6,179885.8,183496.3,185069.3,188158.2,191979.3,199451.5,203226.1,207723.0,210775.5,214987.6,216441.2,219232.7,224212.8,230827.8,235049.9,238568.4,242021.0,245678.9,248665.1,249460.3,251165.7,251952.9,255762.9,256691.7,259501.2,261333.6,263676.0,267117.4,270364.1,273150.3,278791.1,282734.6,287173.6,290178.2,295105.3,298033.3,305023.0,310350.9,314743.8,317924.0,323176.6,331072.7,332370.8,330944.5,331066.6,330065.8,343183.4,335265.7,332515.1,327068.4,330977.4,329427.9,329161.9,331316.1,335367.4,339276.9,343721.8
15000,Hawaii *,17991.3,18313.5,18714.8,19223.4,19679.3,20227.2,20713.9,21238.8,21792.0,22267.1,23222.0,24141.0,24126.7,24718.5,25241.3,25821.8,26015.5,26165.2,26544.9,27092.6,27696.4,28244.6,28613.5,29129.8,29563.0,29580.5,29350.4,29328.1,29773.6,29907.8,30212.4,30645.9,30642.1,30957.2,30851.9,30852.7,30780.4,30830.7,30845.2,30905.7,31322.9,31548.6,31978.0,32093.7,32074.2,32217.1,32444.2,32687.2,32800.0,33048.2,33817.9,34036.1,34482.8,35313.8,35621.5,36194.1,36680.2,36839.5,37268.5,37198.8,38126.1,38628.9,39047.0,39660.2,39955.9,40501.6,40960.5,41518.9,42518.9,43176.8,44074.9,45146.2,45698.1,46669.0,47161.3,48063.8,49278.7,49978.8,50627.6,50845.4,52073.2,52770.7,53320.2,53925.8,54719.8,56641.9,55965.9,55882.8,54872.6,55607.7,55414.4,55741.0,55702.4,56348.4,57072.9,57474.0
16000,Idaho,12357.9,12531.3,12751.9,13056.6,13345.8,13656.5,14013.8,13975.8,14818.2,15022.9,15159.2,15497.7,16055.1,16264.2,16467.7,16586.0,16760.8,17052.3,17262.3,17721.3,18337.3,18773.0,19136.1,19281.0,20197.9,20609.8,20577.6,21372.9,21479.1,21983.9,22402.6,22671.3,23221.2,23531.1,23870.0,24532.1,24784.9,25384.1,25315.3,25571.0,25831.1,26106.9,26599.1,26943.0,27982.9,28287.9,28619.6,29102.0,29712.7,29803.2,30199.1,31005.4,31767.0,32593.0,32797.3,33510.8,33831.4,34212.8,34084.2,34109.1,34603.6,34904.3,35391.3,35956.3,35839.6,36075.4,36683.7,37221.0,38345.2,39197.3,39571.1,40433.1,40518.5,41308.5,42069.3,43002.4,44730.7,45906.5,45982.0,46931.6,48355.0,48803.6,48830.3,49425.2,49636.2,51479.9,50185.8,49327.5,48825.2,48428.0,48185.2,48556.8,49003.5,49814.7,50618.1,51371.3
17000,Illinois,191816.1,194189.7,197688.0,201936.3,207185.4,209663.0,214118.8,218972.1,223058.5,225144.0,227612.1,230985.0,235572.0,239922.9,242627.5,245044.2,242097.9,245016.3,247183.7,250284.8,258153.8,264163.7,267653.9,272508.4,270171.7,273730.5,276295.9,280393.4,282596.4,288059.5,291980.4,296554.9,302510.2,305046.3,308849.0,313361.7,319844.3,325240.3,329282.5,333624.6,337397.9,342130.7,347949.6,354850.4,358178.3,365013.9,370064.8,373119.3,377068.6,380304.6,382152.2,390895.6,401681.8,407191.1,415808.9,420201.6,427486.7,427319.6,427397.8,426525.4,427538.3,433071.0,432641.2,436276.2,433453.8,438181.3,442809.2,447476.1,448231.1,454903.3,459921.9,468280.8,466743.3,471512.7,478136.3,486192.7,497363.3,504843.7,508168.4,513711.2,525483.7,533160.3,536840.0,544926.3,545112.9,560211.2,552917.5,546397.3,527026.7,525916.0,522338.9,527894.2,529349.7,538185.2,545314.6,550674.1
18000,Indiana,77840.6,78954.8,80518.3,82662.7,82854.6,84768.5,86892.0,88905.8,92629.3,93818.5,93138.1,94349.0,96874.2,98169.7,99843.5,100011.1,99791.6,100859.4,102219.6,104508.6,106459.8,109546.1,111282.1,112961.9,113342.3,115511.1,116363.5,118768.4,120647.0,122064.7,124254.7,125970.9,127596.1,128288.6,129106.0,130276.1,132703.3,135626.3,137225.2,138808.8,140670.5,142022.1,143580.4,147007.2,151247.3,153860.3,155582.1,157397.7,157791.9,158869.1,160412.0,164790.1,168464.2,170677.1,172949.5,172037.4,175730.3,175739.4,174917.5,174531.8,175448.8,177384.8,178507.9,180333.8,179757.7,180920.5,182589.4,186564.2,186594.0,190668.2,192340.9,194750.2,192696.6,196010.1,198448.1,200841.3,205689.0,207903.3,209397.3,210505.2,214079.8,215912.9,215594.4,218092.4,222930.7,231765.6,227165.0,224547.8,220524.2,220026.1,219506.8,223577.5,226019.9,230107.9,232451.6,235522.8
19000,Iowa,40222.6,40962.7,41318.6,42396.5,42183.4,42408.9,42613.3,43701.3,45956.2,46202.0,46433.4,47425.3,48059.2,48838.8,49566.2,49616.6,49405.8,50006.5,50354.4,51076.8,52738.9,53624.4,54233.1,54456.5,53142.4,53959.7,54086.3,54834.2,57863.3,58624.7,58945.2,60122.4,60059.7,60600.5,61582.0,62783.5,65609.0,67224.5,66617.2,67448.2,68865.0,69020.7,70093.3,71654.0,71795.4,72404.3,73913.3,74477.1,73734.4,74187.7,75086.2,76986.5,78297.8,79775.9,81104.0,81152.8,81963.9,82607.3,82875.7,82632.1,83616.9,84276.5,84882.1,85297.2,84755.5,85670.3,86712.1,88184.5,91645.5,92982.0,93503.7,95380.4,94538.7,95786.0,96747.7,97247.5,100734.9,101650.0,102084.1,103525.3,107883.9,108615.8,108868.4,110908.1,115032.5,118502.1,115910.8,115005.8,111883.6,112753.3,112804.8,114412.1,113922.5,116150.9,117466.8,118602.6
20000,Kansas,37730.6,38249.2,38685.7,39372.9,39749.1,40430.2,40905.4,41600.6,42647.4,42870.8,43041.9,43692.6,44800.7,45528.6,46271.1,46380.0,46290.1,46891.8,47703.0,48584.3,49863.7,50734.7,51149.0,51905.0,52402.4,53090.3,53476.6,54103.3,54514.2,55577.5,55880.8,56764.3,57208.0,57697.1,58394.1,58925.9,60488.1,61429.4,62188.5,63178.1,64111.5,65012.0,66226.2,67464.4,68219.6,69391.9,70268.3,70964.8,70645.9,71194.5,71858.6,74175.3,73855.5,75784.6,77183.9,76659.2,77980.5,78653.6,78592.7,78736.4,78271.6,79145.7,79446.7,80277.5,80894.7,81145.6,82241.2,82791.3,82416.6,83371.9,84842.8,85676.5,86940.4,88546.1,89608.5,90040.9,95534.2,97578.2,98414.2,99829.1,103591.0,104812.1,105114.7,106812.7,112868.1,117224.2,116009.0,115092.0,112375.9,111670.1,110596.4,111593.2,110347.7,112902.5,115000.9,117120.8
21000,Kentucky,44841.8,45487.9,46795.0,48263.6,48655.9,49980.2,51385.8,52125.6,53663.6,53804.6,54347.1,55439.5,56495.4,57286.8,58101.4,58774.7,59282.9,60177.0,61329.5,62790.0,64160.4,65241.2,65937.3,66694.7,67119.1,67715.9,68150.3,69289.2,69959.9,71239.6,71833.5,73097.0,73780.2,74611.9,75255.0,76194.0,77399.6,79310.2,80145.2,81075.0,83140.1,83763.9,84712.1,86249.3,87662.6,88995.5,89926.1,91028.0,91550.1,92291.2,93375.3,95483.3,98152.0,99754.2,101456.6,102537.6,103196.7,104126.5,104216.5,104451.5,104985.3,106326.5,106910.6,107985.0,108187.0,109095.7,110302.0,111478.8,113789.3,115099.0,116780.0,119188.0,119331.4,121245.8,122738.9,123621.8,127157.6,128386.3,129017.0,129775.5,132697.9,133992.5,134263.9,135885.4,137844.9,144085.1,140759.4,140661.2,136497.9,138965.9,139217.7,141317.4,141681.5,144097.4,145576.7,145986.6
22000,Louisiana,53133.5,53203.6,53902.0,54805.6,55329.9,56363.9,57446.9,58166.1,59156.8,59869.6,60446.4,61551.0,63182.2,64363.1,65500.2,66374.5,66758.7,67758.3,68671.7,70572.9,71526.5,73111.1,73604.7,74563.4,75492.6,76466.7,77160.5,78048.7,80422.5,80784.5,82377.9,83617.5,84533.5,85267.5,86721.7,86790.8,87752.7,89436.3,90187.6,91039.3,92443.6,93336.2,94531.6,96494.4,97226.3,98831.7,99498.1,99898.0,100201.1,100556.1,101152.4,102721.3,105213.7,106655.6,107338.0,108423.5,113067.4,114718.3,115291.7,115992.2,116642.4,117717.7,118496.3,119920.7,119516.5,121038.8,122796.3,124687.9,124488.1,126476.6,127846.3,130736.5,132670.0,134241.5,140260.1,141478.1,141956.9,143990.0,145185.7,147604.8,151032.9,159739.2,160332.5,162627.2,165035.9,172810.6,170380.8,171807.4,167257.7,165114.7,164168.3,164681.9,168836.1,171960.2,175255.9,175977.2
23000,Maine,16737.1,17138.5,17597.1,18185.8,18362.4,18959.0,19596.9,20109.1,20801.5,20939.1,20933.1,21263.0,21625.2,21890.9,22026.9,21900.2,22012.3,22083.1,22285.3,22666.6,22913.3,23263.6,23490.4,23513.0,23840.1,23904.6,24182.3,24298.4,24627.9,24898.4,25089.0,25531.1,25714.1,26098.0,26207.2,26475.8,26952.5,27442.0,27750.8,28165.2,28691.0,28977.2,29204.1,29869.4,30470.3,31122.9,31552.7,31911.7,31910.3,32320.5,33306.1,33164.6,34282.6,34953.9,35366.3,35762.8,36659.3,37101.9,37097.9,37360.8,37740.7,38090.8,38469.4,38861.8,39321.0,39700.2,40374.5,41255.7,41373.2,41888.6,42299.5,43096.8,42176.8,42777.1,43264.4,44195.7,44811.5,45248.4,45289.6,45554.6,46289.5,46909.3,47205.7,47512.8,48284.1,49941.0,49330.5,49147.8,48565.6,49495.9,49464.5,49822.2,49848.9,50426.5,50906.2,50766.3
24000,Maryland,84757.2,86452.4,88445.6,91238.1,93224.7,95050.9,98138.0,100325.9,102785.7,103902.0,104948.5,106452.8,108740.4,110678.8,111935.8,112214.5,113316.2,114587.9,115324.6,116811.4,118344.2,120221.6,121455.5,122305.6,123979.0,125081.9,125488.8,127053.0,128732.5,130387.0,132202.4,133881.1,135459.9,136757.4,137535.5,138593.6,140540.5,142765.9,144345.4,146329.4,148443.4,150166.5,151926.1,155195.0,158996.5,162483.6,165121.3,167434.8,170086.9,170990.0,174093.2,177332.9,183606.1,186390.2,190206.7,193545.6,196758.4,198860.4,199448.6,200640.2,203197.8,205973.0,207635.5,210023.1,210871.7,214124.4,217914.0,220983.7,224865.8,228762.3,231336.6,236152.2,235735.5,240254.5,244531.5,248334.3,250585.2,253897.8,256197.7,258851.6,261954.7,265786.3,266461.7,269377.5,274278.9,281268.8,279704.6,279581.1,274681.8,277750.8,277742.9,280319.1,280901.9,286087.2,288831.6,293616.7
25000,Massachusetts,111629.6,113698.1,116727.2,120354.5,123446.0,126446.9,128779.4,131862.6,133813.6,134786.2,135405.5,136297.1,137676.8,139221.5,140338.5,139613.6,139881.3,141192.8,141614.8,143292.7,146395.6,148074.2,148327.8,150736.5,151305.9,153311.1,155694.9,156615.7,158353.1,161726.6,162221.6,165729.8,167460.3,170289.1,173235.0,175079.1,177866.6,181386.1,183433.5,186288.7,189253.8,191335.2,194074.9,198011.6,198806.7,204893.0,208295.3,210041.7,213415.8,216036.0,221720.6,227361.0,238010.2,239845.9,247773.0,250960.3,256163.3,254862.3,253112.6,252094.1,250992.9,253613.2,253344.5,253887.5,254548.8,255516.5,259456.7,262150.0,264767.9,269986.2,273461.1,275246.6,274887.6,279287.5,284011.5,290365.8,297796.8,302709.6,304136.0,308419.3,314899.4,317886.3,320315.8,324526.5,329607.1,336931.1,334176.0,333087.9,327708.3,330711.2,331138.8,333535.3,338320.5,345090.6,349868.8,351799.8
26000,Michigan,145290.9,146154.0,146958.3,149712.2,153394.3,155826.0,158476.0,161862.9,167620.6,167918.1,170027.7,172264.8,174074.9,176902.3,179461.9,178993.8,177686.2,180249.1,182360.8,185881.4,186631.9,191849.4,192445.3,197434.2,196280.9,201918.1,203781.7,206942.3,212550.6,214955.8,218577.2,223844.5,227208.1,227974.4,230520.5,234212.0,235343.2,241011.3,243861.1,246804.7,248808.3,251104.4,254599.8,257790.4,264326.3,267460.3,268487.8,274573.4,276023.7,279476.7,282859.5,290155.6,297543.6,300695.2,303221.2,302781.8,308958.5,307297.3,305481.8,304944.0,301618.0,307232.9,307550.2,309307.3,310702.0,311459.6,313814.3,319868.2,317666.7,320953.7,324380.9,327792.1,326309.2,329564.7,329177.0,331890.2,334301.7,337196.3,337806.0,338066.4,345077.6,346906.2,347817.7,347126.0,352450.3,364148.9,355607.9,353217.5,336191.5,340730.8,338221.3,341256.4,342172.8,351416.7,356131.8,358575.9
27000,Minnesota,70028.2,70359.8,71518.8,72956.8,73647.9,74628.4,75886.6,77231.2,80609.5,81593.9,82679.4,84278.3,85622.9,87536.8,88444.2,88343.9,88584.8,89885.1,90856.6,91920.2,94720.8,96038.8,97660.5,99310.7,98242.8,99522.2,100097.7,101627.8,104014.2,106224.7,108077.0,109731.8,111135.0,112484.0,113614.6,115418.1,119039.7,121601.2,122960.9,124232.3,125506.5,127686.4,130076.3,132462.0,137257.8,139411.6,141110.7,143296.4,144538.4,146088.2,147545.1,151333.2,155104.3,158112.3,161385.5,163779.6,166361.8,167077.1,165835.5,166761.7,167529.1,169122.4,170757.8,172931.3,174386.2,176933.4,179599.5,180529.9,184937.1,186845.8,188666.1,194250.6,190132.7,192026.3,195488.6,196687.6,200409.7,203060.8,203512.8,206014.6,211614.4,215581.0,215409.5,218136.7,223770.6,227867.2,227407.6,223088.4,216236.4,216058.0,215052.6,217994.6,218920.0,223780.6,227854.3,233331.4
28000,Mississippi,27623.5,27896.4,28457.9,29046.5,29332.8,29968.7,30714.7,31128.0,32164.7,32570.4,32828.5,33279.4,33743.4,34276.1,34707.8,35018.5,35435.5,36008.3,36461.8,37337.6,38217.2,38907.1,39350.9,39694.9,40702.3,41152.6,41859.8,42559.9,43848.1,44609.4,45367.3,46053.1,46781.3,47183.3,47804.1,48491.9,49387.3,50519.9,50772.3,51141.9,52402.3,52867.0,53534.5,54678.4,55557.9,56277.0,56901.4,57588.0,57613.7,57923.6,58773.4,59667.0,60494.6,61467.2,61965.4,62492.2,64373.6,65346.0,64924.4,65612.3,65444.8,66198.0,66572.7,67089.3,68151.7,68372.5,69214.9,70308.6,71354.5,72536.5,73700.4,74628.2,75313.6,76325.8,78925.8,79974.6,79853.2,80579.5,81088.8,81821.2,83622.2,86374.7,87257.5,87493.4,88293.9,93363.8,90475.2,90277.1,89531.9,89888.8,88944.2,89291.2,90500.3,92731.8,93601.0,94024.3
29000,Missouri,75703.3,76336.3,77226.3,78836.0,79700.4,81419.3,82799.8,84309.1,86707.3,87410.6,88391.3,89257.8,90012.0,91644.2,92712.3,93217.7,94099.2,95235.3,96627.0,98338.6,100201.1,101634.9,102671.6,103804.6,104627.6,106086.0,107116.3,109063.7,110358.8,112545.0,114021.6,116101.1,117524.0,118979.6,120144.6,120951.0,123525.5,125795.2,127072.3,129183.6,131824.9,132806.3,134737.1,137103.0,138270.3,140049.1,141899.1,143140.2,144016.2,144882.0,146299.0,149492.6,152691.4,155582.1,157991.2,158543.8,160990.0,161845.0,161247.9,162041.9,163730.3,164511.4,165625.5,167692.0,169259.5,170590.0,172373.1,174150.2,177259.0,179028.0,181384.8,184143.3,182775.4,185808.5,187607.3,190892.4,194706.2,197994.3,198492.7,200143.2,203501.0,207044.0,208144.0,210956.3,214681.0,223461.2,218764.5,222781.2,216155.7,216954.7,215948.6,216638.8,218649.3,221442.9,222982.3,223966.3
30000,Montana,10253.3,10319.4,10318.9,10528.7,10377.2,10559.6,10785.0,10997.2,11543.2,11735.1,11793.6,11982.5,12151.8,12311.7,12487.5,12565.8,12916.9,13042.3,13293.2,13614.1,13752.4,13980.0,14130.7,14173.9,14954.2,15177.6,15015.5,15468.9,15206.9,15468.1,15690.0,15932.5,16125.1,16281.1,16502.7,16691.2,16808.2,17054.9,17307.8,17523.8,17576.9,17718.2,18025.9,18319.9,18820.8,18978.1,19247.2,19456.8,19376.9,19372.2,19314.3,19924.2,20173.9,20626.4,20857.1,21424.8,21501.4,21695.2,21721.6,21822.7,21900.2,22171.7,22491.7,22837.5,23404.2,23838.2,24182.8,24635.5,25548.8,25976.6,26094.7,26668.6,27357.7,27780.7,28203.1,28866.7,29706.3,30230.7,30599.8,30914.0,31995.4,32556.9,32783.9,33251.1,34157.4,35308.1,34900.4,34556.3,34085.1,33882.3,33803.4,33935.7,34900.2,35498.6,35878.0,36406.7
31000,Nebraska,23512.3,23802.0,24081.4,24522.9,25122.4,25451.6,26180.8,26078.9,26821.5,27164.0,27346.2,27776.8,28644.0,29173.7,29412.7,29721.3,29715.1,30199.3,30520.8,30941.0,31502.4,32159.0,32386.2,32717.3,32606.4,33284.7,33281.9,33862.3,34796.3,35089.7,35569.3,36103.2,36598.9,36967.4,37589.9,38376.9,40115.7,41012.4,40446.7,41252.4,41465.1,41448.1,42152.4,42767.3,43540.9,44513.2,45224.7,45709.1,45660.2,46321.1,46925.1,48391.3,48528.2,49307.2,50059.1,50386.6,51489.6,52067.3,51849.4,52240.8,51928.4,52378.0,53093.3,53817.4,55320.8,55912.5,56366.4,56808.9,57763.7,58311.0,58669.1,59645.0,59463.1,60365.8,60888.5,61675.0,62375.4,63555.6,63154.5,64183.2,66531.7,67697.8,68397.3,69767.8,71424.6,73923.1,72811.5,71350.1,71516.9,71085.4,71103.7,72132.7,73261.5,75040.5,75874.7,76599.6
32000,Nevada,16727.3,17098.7,17597.5,18204.5,18698.4,19566.8,20236.8,20803.1,21429.5,21993.1,22537.6,23355.5,24239.0,24810.3,25441.7,25665.9,26697.0,27304.1,27816.5,28356.7,29501.4,30181.8,30770.1,31386.1,32436.1,32582.6,33048.2,33664.8,35193.1,36089.4,36749.4,37737.3,38862.2,39534.9,40581.7,41323.1,42680.6,43878.3,44943.8,45844.2,47198.1,47987.7,48736.0,49878.9,52265.4,53565.8,54944.7,56093.1,57511.4,58024.6,58732.6,60225.9,62324.5,64044.5,65066.5,65814.9,67324.0,68541.0,68521.3,67720.7,68651.9,69561.9,70218.2,71378.9,72027.7,73216.3,75334.2,77495.4,79165.1,81397.7,83387.5,86148.5,89702.7,92506.9,92629.1,93937.9,98058.0,99334.1,99446.6,101101.7,102816.6,103202.2,103540.7,105264.4,103076.3,104355.1,102301.7,100410.3,97007.5,96944.4,96529.5,97449.6,98354.5,100546.5,101845.2,102255.4
33000,New Hampshire,18403.8,18914.1,19513.1,20308.1,20628.3,21070.2,21467.2,22064.1,22591.2,22803.1,22900.1,23006.8,22855.4,23040.7,23148.0,22975.9,23397.2,23716.8,23873.9,24284.8,24613.0,24892.9,24945.4,25356.3,25287.4,25578.9,26034.1,26160.3,26807.2,27330.1,27590.2,28285.0,28476.6,29228.8,29348.3,29650.1,30192.4,30691.6,31086.7,31599.6,32341.4,32963.4,33573.1,34266.7,35388.3,36242.2,37084.0,37675.4,37958.1,38421.4,39156.9,40184.4,42773.0,43209.0,44087.8,45114.7,46266.1,46157.9,46037.3,46258.4,46491.3,47070.2,46995.8,47331.9,47074.6,47409.5,48026.0,48821.8,49451.5,50350.2,51269.7,51860.6,51337.2,52243.5,52827.5,53449.1,55021.7,55546.8,56068.0,57703.0,57718.4,58703.3,58251.8,58548.6,59473.8,60811.2,60125.0,60205.1,58145.7,59125.0,59875.2,60380.2,60406.4,62078.3,62474.3,62564.6
34000,New Jersey,149958.3,152265.6,155653.4,160964.8,166272.6,169166.3,172011.2,174473.5,180147.3,182076.7,183858.1,185454.4,188656.4,191807.4,194112.1,194107.5,192973.0,195199.0,197353.8,199152.9,206414.1,208988.4,211419.9,214771.8,213648.5,216613.5,218429.3,220925.0,219793.9,224025.0,226511.2,229937.5,235045.7,237912.8,240339.1,242310.0,247325.6,251844.5,254045.3,257307.4,263272.5,265814.4,270242.5,275844.2,280087.9,285137.6,289732.2,291363.2,295533.0,296722.2,300742.0,305898.3,319089.8,327424.5,332129.5,339723.3,339487.6,342196.9,340366.2,343185.0,343950.7,345976.9,346064.5,347962.7,347511.0,352306.0,356362.0,360211.8,361160.5,366637.7,372963.3,378322.1,374366.7,379511.4,385297.5,391821.4,401979.3,409519.2,411257.2,418303.8,430697.7,435023.2,435160.6,439313.5,446422.7,452659.9,450344.2,448754.9,431696.8,436326.6,436648.0,440414.4,444217.1,448603.8,450512.8,452390.7
35000,New Mexico,18815.8,19044.5,19339.8,19742.9,19951.7,20274.2,20480.9,20813.4,21415.6,21759.0,21904.8,22230.0,22762.6,23054.4,23518.1,23833.8,24388.1,24777.6,25040.6,25607.9,26117.3,26770.5,27080.6,27144.6,28305.5,28564.9,28800.1,29502.8,29889.1,30325.0,30996.5,31702.2,32411.4,32771.0,33285.8,33599.3,34072.1,34602.6,34837.8,35146.5,35950.3,36149.3,36569.0,36929.3,37736.4,38024.1,38342.1,38829.9,38418.5,38683.1,38910.2,39648.4,40693.8,41715.0,42247.8,43032.5,44153.9,44858.1,45239.1,45584.3,45918.9,46662.4,47078.9,47626.7,47978.0,48701.9,49329.7,50069.4,51035.5,51529.8,52185.6,53647.7,54003.4,55455.5,56114.8,56589.5,58821.3,59524.3,59960.6,60548.8,62153.4,62864.9,63616.5,64339.7,65517.7,68923.1,67586.9,67821.8,66165.8,66809.0,67198.0,67874.4,68026.4,69202.4,70039.1,70731.4
36000,New York,330720.6,335800.2,341195.6,349675.9,366866.1,367310.8,373610.1,385909.0,391154.9,401708.3,409106.4,412150.7,426021.2,432100.5,436745.6,434547.4,427117.2,433288.5,435243.1,436702.5,446602.1,451480.8,459129.5,471071.3,456645.5,467885.6,473417.3,480768.1,470804.8,484053.9,485277.7,496927.0,503067.2,507392.7,513927.5,516859.4,527120.6,535515.1,538261.7,546871.8,554409.0,560185.4,570854.6,583016.8,586219.3,600696.4,605059.6,608373.6,629291.6,628384.7,639973.7,643321.0,665377.0,676790.3,687173.1,703516.7,713520.7,706653.2,718245.2,699251.3,699534.5,710217.7,709325.7,711166.6,701640.3,714468.0,722234.4,731878.5,728345.7,741846.6,756689.7,770995.3,759184.4,769566.5,781692.2,800169.8,815868.9,831234.8,837998.0,858988.9,899532.5,892803.0,898971.8,907132.2,922840.8,928947.7,921698.0,908339.6,889216.8,910319.7,907910.0,917306.5,929774.8,949792.4,946421.2,947582.7
37000,North Carolina,88665.6,90326.6,92351.8,94970.5,96736.4,99322.8,101992.1,103996.9,106771.2,109132.8,110050.4,112411.6,114773.1,116509.8,117567.2,117130.8,117995.5,120623.4,123226.7,126028.3,128755.4,131905.1,134073.7,135579.3,137817.4,140450.6,141918.9,145121.9,146581.4,149226.1,151253.8,154616.8,157692.3,159994.5,162094.4,165332.9,167175.9,172102.7,173795.2,176989.3,181402.6,182816.1,186102.2,190516.6,193071.6,196309.6,200081.4,203465.3,204741.9,205886.5,209079.4,212064.4,215747.4,220465.6,223899.5,225952.5,227297.5,229261.8,227230.4,228573.8,229097.4,231995.3,232713.5,233917.4,236878.4,238807.0,243157.8,248377.2,253646.8,258989.8,264191.0,269586.1,275006.9,278290.9,281901.9,286367.6,299525.3,302808.3,306101.5,311055.5,325295.0,327278.9,327711.4,331260.6,346346.9,356684.3,351254.9,352264.0,331760.2,339425.8,341956.6,344623.2,339417.9,343602.9,343654.3,345742.2
38000,North Dakota,8984.9,9100.7,9140.1,9197.8,8551.1,8229.1,8650.7,8412.4,9359.2,9433.1,9485.3,9613.6,10112.0,10221.5,10331.9,10359.6,10281.9,10338.2,10442.7,10544.7,11165.2,11318.7,11500.8,11555.2,11411.7,11499.4,11572.9,11661.6,12472.9,12443.3,12499.7,12711.1,12325.6,12533.5,12595.0,12755.1,13673.7,14300.6,14078.6,14097.6,13461.2,13614.9,13881.6,14122.5,14817.4,14976.7,15155.2,15365.5,14919.4,15064.2,15271.2,15776.7,16217.2,16461.2,16819.2,16866.7,16822.5,16989.4,17027.8,16883.3,17104.9,17147.3,17426.9,17745.4,18422.8,18772.4,19168.7,19434.0,19046.3,19308.6,19243.9,19724.8,20023.8,20461.9,20654.2,20865.6,21131.2,21481.5,21507.2,21914.3,23233.8,23508.4,23838.1,24735.0,26564.9,27398.8,27116.5,26690.2,26387.9,26514.6,26778.5,27207.4,28559.3,29398.2,30077.5,31000.2
39000,Ohio,162768.3,163362.0,166257.7,169547.6,172149.8,175928.2,180493.0,183976.1,189398.2,189877.4,192182.8,194690.2,198375.8,203157.3,204812.8,205526.5,204714.7,205472.4,208869.2,212417.4,216227.0,220803.3,221878.8,225390.3,225856.9,229244.4,230755.9,234877.4,237368.7,241529.7,244134.3,249268.1,251061.9,253497.8,255849.5,258704.0,260598.7,265421.7,269257.2,271403.1,276785.5,279724.8,283641.1,288644.4,293544.4,296787.7,299548.4,304085.0,303261.6,304936.1,307598.7,313831.8,319678.8,322128.9,326269.1,327173.2,332874.8,333925.6,332912.7,333124.0,333557.2,337487.5,340391.2,342414.2,344482.2,346380.7,348377.9,354474.1,353997.2,359557.1,363703.2,369754.5,364968.6,369838.4,373244.1,378484.2,384531.7,389511.7,392159.5,394157.2,405080.6,406046.1,406980.8,409038.5,417316.5,430528.2,422572.8,417925.5,410948.4,410890.2,408619.1,410944.1,413113.3,419907.8,426002.0,429794.5
40000,Oklahoma,43208.0,43413.8,43780.0,44078.8,44516.9,45226.4,46058.9,46536.4,47768.8,48198.5,48640.0,49282.3,49978.5,50820.5,51650.9,51998.5,51804.9,52346.5,52906.0,53837.5,54954.2,55947.5,56488.2,56615.6,57806.3,57952.5,58106.7,58938.5,59410.9,60457.2,61002.9,62180.8,62419.8,63102.9,63614.2,64293.3,65603.7,66893.6,67696.3,68252.2,70252.4,70443.9,71143.9,72445.4,73870.0,74888.5,75339.6,75676.2,75659.1,76192.5,77135.5,78838.8,80697.8,82593.0,84187.7,85849.9,87777.3,88811.2,88568.5,89281.1,89897.5,90446.4,90983.9,91518.6,93441.2,94792.8,95632.5,97236.1,100432.2,102307.2,103572.3,105357.3,109666.9,111488.3,113323.2,115472.0,123733.9,124313.8,124780.5,125317.8,127456.6,127841.3,129751.7,130927.7,137145.7,145393.6,145471.5,146608.6,138183.9,132790.5,130686.8,131212.0,133893.6,138493.7,141905.4,144487.6
41000,Oregon,39007.4,39510.8,40400.1,41196.9,42144.4,43164.7,44378.9,45231.6,46781.5,47696.0,48302.1,49357.9,50703.6,51750.7,52407.6,52838.1,53487.7,54324.1,55074.4,56000.5,57044.4,58105.8,59055.2,59482.9,61464.7,62133.9,62573.8,63890.9,64993.3,66282.2,67470.6,68986.7,69980.8,71259.2,72686.6,74248.6,75461.1,77144.3,78409.2,79659.5,80716.8,81388.0,82854.5,84147.2,85611.1,86500.9,87202.8,88196.4,88224.6,88979.0,90170.2,92351.7,94615.4,96369.9,98159.5,98510.1,100199.2,100148.5,99648.1,99147.1,99754.2,100806.5,101229.2,102378.7,102887.4,103640.3,105352.4,107038.4,108239.2,110379.1,111217.1,112487.4,113435.6,114723.7,116746.4,119387.7,123975.1,125819.1,127460.4,129145.8,130528.6,132164.7,133030.4,134698.7,137392.3,141729.6,139314.7,137163.1,134733.2,134903.2,133855.7,134075.1,136908.5,137279.9,138350.9,139165.7
42000,Pennsylvania,177264.3,183819.4,190470.4,195756.2,199635.2,202343.7,204874.1,205153.1,216137.9,218046.6,220969.5,224153.9,227710.6,232070.6,235221.4,236597.0,238342.5,241616.4,243719.6,247692.8,252164.1,255320.5,256741.4,259420.0,261215.2,264899.8,266897.7,269216.1,269340.8,273184.1,276461.0,280437.8,282851.4,285989.0,288750.5,291784.5,294905.1,300794.5,304100.0,307542.7,310937.3,314553.8,318265.6,324765.1,327974.3,333624.5,335803.2,340284.9,343156.9,345895.7,349797.4,355106.6,363863.7,369731.1,375959.3,381208.7,386549.5,389227.5,388650.7,388317.3,391983.3,394997.6,396817.0,398735.3,403292.9,406326.7,410519.7,416604.0,423005.5,428677.3,435777.1,443078.8,440105.6,447698.1,453601.1,460033.9,463966.6,470505.8,475942.0,481348.1,498621.5,501546.6,503236.7,507230.4,512992.7,529904.2,525341.0,523737.4,509358.8,512310.7,509087.3,518516.0,522494.0,533022.7,540188.6,545636.6
44000,Rhode Island,15966.1,16204.1,16645.7,17110.9,17502.3,18005.2,18437.3,18947.2,19498.5,19794.4,19902.3,20121.6,20324.9,20470.3,20514.0,20412.2,20460.1,20523.4,20686.3,20923.4,21137.8,21497.1,21696.0,21959.5,22135.8,22373.4,22744.0,22681.5,22809.2,22959.3,23007.5,23426.7,23793.6,24258.0,24513.2,24551.2,24655.9,25030.5,25202.2,25564.2,25981.0,26406.5,26605.0,27224.8,27797.4,28179.4,28547.2,28874.8,28941.4,29285.0,29821.1,30276.8,31168.7,31547.8,32212.9,32571.7,33351.2,33652.7,33591.2,33851.9,34540.5,34896.6,35061.0,35364.6,36196.4,36345.0,36869.2,37390.2,37771.4,38335.0,38969.1,39090.5,38571.2,39117.7,39384.1,39892.2,40225.2,41080.8,41703.9,41638.2,42835.0,42791.8,42969.8,43144.3,43247.1,44381.0,43616.9,43829.5,41895.2,42665.0,42935.2,43564.3,43993.4,44968.1,45342.9,45591.1
45000,South Carolina,42758.4,43608.0,44603.4,45989.3,46326.8,47723.8,48979.4,49794.4,52039.2,51634.5,52216.1,53976.4,55064.2,56276.0,56975.0,57248.8,57809.5,58449.8,59144.5,60319.8,61222.8,62442.0,63214.7,63739.1,64806.9,65565.0,66273.8,66762.4,68106.5,69397.1,70356.7,71489.8,72880.8,73645.7,74264.4,75198.9,76515.7,78382.3,79378.0,80332.0,82087.3,82842.5,84063.7,85793.6,87238.9,89022.3,90696.5,92049.9,92351.6,93295.8,94766.0,96180.5,98199.1,100591.2,101542.2,102488.9,103712.9,104272.5,104063.0,104919.9,105579.4,107160.2,107692.2,108789.3,109473.2,110148.7,111685.8,113479.1,113792.4,116688.7,118586.3,120739.9,121710.6,123555.1,124958.0,127444.3,131785.1,133402.1,134958.4,136551.1,140147.6,142862.9,143803.9,145406.2,146893.4,153590.9,150342.3,148991.0,146093.4,147077.7,146351.4,147492.3,148942.8,151414.4,152787.9,153838.3
46000,South Dakota,9131.5,9201.3,9327.4,9553.8,9561.2,9694.5,9813.1,9893.0,10300.6,10404.9,10508.4,10711.4,11243.3,11426.8,11596.6,11668.7,11665.3,11935.0,11975.4,12352.3,12660.5,12928.8,13065.8,13085.2,13342.0,13543.6,13460.8,13734.2,14425.5,14516.7,14514.6,14838.8,14558.4,14689.0,14940.5,15271.1,16191.0,16629.8,16398.2,16442.8,16567.8,16566.3,16974.7,17082.1,17743.7,17962.1,18086.0,18619.7,18433.7,18763.8,18962.9,19635.3,19666.4,20110.5,20422.0,20605.8,20755.5,20934.0,20945.2,20933.9,20542.5,20668.2,21017.7,21365.5,22422.1,22629.2,22906.4,23333.2,24242.2,24511.5,24512.4,24946.7,25523.1,25921.5,26147.2,26429.7,26996.6,27319.4,27459.6,27796.9,29668.7,30185.7,30397.8,31118.0,32693.1,33295.5,32572.3,32146.3,31406.1,31711.7,31865.8,32324.6,32774.1,33432.6,34200.0,34324.9
47000,Tennessee,64233.4,64938.8,65890.2,68018.7,69165.0,70856.3,72493.5,73937.5,75569.8,76343.2,77246.7,78343.2,80060.0,81251.2,82747.6,83090.2,84361.9,85452.9,86370.2,88187.6,91419.9,93722.4,94823.7,96123.4,98159.4,99287.1,100512.0,102207.9,103494.6,105427.8,107109.8,109703.8,112219.0,113537.4,114845.6,116502.3,117781.0,120091.7,121642.9,123081.8,125199.9,126430.0,128122.1,131388.9,136045.4,139490.3,140700.2,142805.5,142534.0,144104.4,145575.9,148713.5,150674.4,152840.6,156109.6,156335.9,156761.0,158545.0,158177.8,159017.2,160439.5,162662.1,163179.6,165236.5,166758.7,168458.9,170860.9,173639.6,175710.6,178763.3,181594.3,183503.5,184212.1,186946.1,189477.7,192074.4,196655.9,199649.7,200669.8,203780.2,205956.7,209118.1,210434.8,213477.6,215961.6,223240.5,218515.4,215772.5,215670.1,217464.0,216430.5,218814.2,222930.0,226728.4,229378.9,231414.8
48000,Texas,240021.1,240766.4,243367.9,246909.1,249580.4,255201.4,260901.1,266349.7,270551.7,273290.8,276931.8,281678.9,289362.0,296067.4,302131.3,303096.9,304437.1,309183.2,313387.8,319585.8,327892.1,334617.9,339139.1,343889.4,350159.9,354772.2,356594.7,362663.3,365708.6,372879.9,378312.7,387949.0,392876.6,399567.6,405358.9,411607.9,420058.2,429233.1,436461.2,444185.6,457834.1,467011.9,477515.5,486709.7,502334.9,511032.9,520201.5,525961.0,533374.1,538154.8,544917.5,558744.0,575999.0,586305.4,598118.8,606530.2,630080.5,631787.4,631050.0,631402.9,631440.4,637386.1,641595.8,647350.3,653510.2,661370.0,669230.1,675149.4,681942.8,689050.5,699834.8,714697.2,732005.3,744626.4,761141.9,781329.9,810488.1,824387.9,831883.1,842999.6,858039.2,874080.7,883677.9,899811.9,935125.7,982017.6,976561.8,980292.1,937065.7,921956.6,913513.0,921347.5,952994.9,974170.4,992376.8,1008668.9
49000,Utah,20463.1,20847.6,21005.6,21396.3,21668.6,22107.6,22596.0,22865.2,23383.2,23780.1,24051.0,24554.3,25202.5,25779.5,26317.5,26604.1,27107.2,27704.5,28104.1,28594.1,29302.3,29867.1,30496.6,30757.6,31831.0,32216.2,32564.3,33254.5,33957.1,34821.4,35423.5,36322.3,37122.8,37749.7,38500.4,39726.2,40384.8,41420.6,42188.7,42737.1,44057.7,44571.7,45476.3,45896.5,46867.9,47776.3,48528.7,49221.2,49573.7,50217.6,51020.4,51868.3,52855.5,53972.7,54633.3,55460.8,56298.4,56772.6,56894.6,57189.1,58145.5,58217.5,58554.9,59116.5,59814.5,60302.2,61041.6,61923.6,62990.5,64295.7,65214.2,66679.5,68029.9,69809.5,71407.6,73400.4,76187.1,77925.2,79157.2,80975.0,83480.7,85618.0,85809.5,87205.7,88237.7,92041.6,90590.6,89001.2,87077.5,86977.9,86154.7,86168.5,87390.1,88039.4,89354.9,90977.6
50000,Vermont,7867.2,8045.5,8235.5,8545.1,8569.2,8817.6,9136.6,9337.1,9750.5,9871.7,9889.6,10100.5,10243.9,10317.8,10313.8,10300.3,10328.1,10455.7,10540.9,10704.5,10961.6,11224.4,11340.5,11381.5,11507.6,11594.3,11737.5,11805.1,11930.9,12137.9,12272.2,12551.2,12672.3,12767.0,12957.2,13052.3,13329.5,13505.2,13629.9,13718.0,14051.8,14187.0,14392.9,14804.2,15107.6,15350.3,15597.0,15779.8,15963.0,16157.8,16456.2,16727.7,17208.1,17644.9,17737.0,18130.8,18668.5,18851.8,18790.6,18878.9,18998.6,19089.8,19215.5,19488.4,19553.5,19726.5,19950.9,20552.5,20500.3,21069.7,21253.9,21372.5,21196.6,21305.8,21497.2,21910.1,22459.9,22687.5,22926.7,23139.7,23652.9,24005.1,24193.2,24400.6,25103.9,25792.4,25494.2,25407.1,25092.7,25189.9,25209.6,25373.4,25398.0,25970.6,26233.3,26353.0
51000,Virginia,100312.2,102255.9,104812.0,107570.8,109397.2,112442.2,115646.0,117937.6,120583.7,122366.7,123803.4,125850.8,127510.9,129161.1,130574.7,130999.7,133154.3,134444.0,135589.9,137515.8,140338.9,142876.7,144817.5,146434.3,148822.1,150230.6,151346.1,153171.0,154685.5,158408.9,160042.7,162033.7,164529.8,166171.8,167501.3,169172.7,171127.8,174103.4,176498.1,178605.8,183122.1,184903.3,187729.0,190752.1,194213.9,198228.4,201972.9,205119.2,211042.4,210722.8,214806.1,219531.5,224927.9,230068.3,234462.0,238021.1,242782.9,245989.1,243594.6,244890.8,247257.9,250350.6,252763.1,255059.3,259795.1,263375.3,268447.0,273683.4,277914.0,281645.9,286285.5,292903.6,295544.0,301081.0,306178.2,310352.4,318996.8,322591.4,324542.1,328085.0,336544.9,340646.7,342837.5,344772.3,349970.6,359455.3,357071.6,355528.0,347395.4,350318.1,349021.8,351126.2,357287.3,363855.0,367073.7,370495.8
53000,Washington,72567.0,73563.4,75061.2,77791.2,78820.5,80637.0,82541.1,84608.4,87850.1,89512.1,90926.8,92566.3,96421.0,98434.6,100085.4,101599.9,103609.4,105269.8,106997.1,109276.7,111968.5,113412.1,115019.5,118279.4,118197.5,120523.2,120801.3,122663.6,123973.2,126133.6,127008.4,129645.1,131235.7,133118.1,135011.8,136373.6,140314.1,143087.4,145208.0,147107.5,151305.5,153507.3,155212.9,158418.0,165536.2,168262.9,170993.5,172669.2,176453.2,175872.7,180712.6,186442.9,191974.0,191114.6,191744.6,194437.9,196887.3,200197.6,196087.2,196610.6,198808.2,200077.8,201723.1,203683.4,204478.4,208170.5,211795.5,212227.0,213523.4,218467.8,219522.8,245857.7,227121.6,230508.8,233416.6,240088.1,247558.1,251713.0,254414.0,259114.4,266156.9,273521.6,277481.6,281921.7,284959.3,293970.7,291867.7,286726.8,278259.9,278764.5,276169.5,278365.3,280119.0,284438.4,287162.0,290027.6
54000,West Virginia,21443.8,21488.8,21684.4,22242.3,22322.5,23033.6,23581.1,23948.8,24434.1,24377.5,24546.5,24959.4,25621.6,26089.3,26418.7,26607.4,26922.2,27104.6,27356.1,27943.7,28640.0,29222.1,29686.4,30006.0,30245.5,30522.7,30468.8,30665.3,31260.5,31667.6,31924.6,32309.4,32595.6,32730.6,32880.0,33216.4,33519.6,33960.9,34434.4,34693.3,35180.6,35469.4,35710.0,36151.3,36686.3,37013.7,37348.3,37474.0,37704.0,37805.6,38153.2,38651.6,39390.2,40094.0,40437.9,41084.2,42213.3,42718.2,42743.0,43326.9,43797.7,44030.3,44357.3,44787.3,44423.4,44680.0,45143.8,45564.0,45666.1,46398.7,46769.4,47370.6,47916.9,48618.2,49100.1,49781.8,51265.3,52067.3,52416.9,52838.3,53540.1,53917.6,54310.7,54970.4,55883.5,58732.0,58328.2,58891.9,57874.4,58777.4,58412.8,58885.3,59395.7,60180.8,61202.0,61349.8
55000,Wisconsin,71845.4,72494.0,73996.7,75692.9,75807.7,77515.1,79251.0,80984.1,84060.4,84845.8,85724.6,87155.5,88576.5,90025.0,91272.3,91798.3,92072.5,93458.6,94545.1,96280.0,98571.9,100982.1,102097.5,103718.0,104474.1,105976.2,107039.1,108970.7,110277.8,112395.0,114172.5,116220.5,117546.1,118553.8,119624.3,120885.8,123048.4,125292.0,126975.7,128433.4,130849.6,132463.8,134493.5,137427.9,140021.4,142330.8,144244.3,145923.6,146146.5,147330.8,149306.8,152164.0,155277.1,157767.7,159612.8,161319.2,165668.1,166830.5,166490.7,167383.5,168836.7,170947.0,171232.3,173024.1,172970.1,174437.2,176105.2,179664.7,179124.0,182537.2,185472.0,187752.4,187569.7,188884.2,191138.0,191524.8,199022.3,200029.7,201763.9,203417.6,209358.6,209872.1,210457.7,212431.1,216501.5,222602.6,219229.8,218444.2,213249.2,216308.5,216730.5,218559.4,217112.1,220948.1,223850.6,227132.9
56000,Wyoming,6755.9,6830.7,6827.4,6920.5,6716.0,6955.1,7102.2,7202.3,7463.1,7552.1,7680.9,7832.0,8041.1,8227.3,8299.4,8356.2,8480.5,8577.1,8688.2,8857.2,8984.9,9112.1,9160.1,9231.9,9547.2,9593.1,9629.6,9817.4,9867.8,10023.5,10121.0,10330.7,10423.1,10555.2,10605.2,10669.3,10799.5,10983.4,11139.5,11251.0,11651.5,11763.6,11944.6,12098.6,12269.9,12545.3,12773.9,12871.5,13201.6,13312.8,13534.7,13857.9,14157.6,14381.8,14553.8,15087.9,15157.5,15443.3,15504.1,15658.1,15648.4,15824.6,15945.2,16203.0,16485.5,16671.4,17084.1,17507.9,17830.9,18150.0,18396.5,18772.3,19354.6,19759.9,20125.9,20777.3,21894.3,22854.6,23374.7,23458.6,23708.7,24316.4,24499.1,25109.2,26412.1,27234.6,27355.1,27008.4,26002.4,24968.0,24414.9,24265.7,25344.7,25941.2,26554.1,26901.8